event_id,event_time,event_time_utc,event_time_china,title,content,source,asset_symbol,binance_spot_symbol,binance_futures_symbol,event_type,event_subtype,source_type,direction_hint,importance,data_provider,market_type,symbol_used,raw_backtest_mode,price_target_t0_utc,price_target_t0_china,price_target_1h_utc,price_target_1h_china,price_target_4h_utc,price_target_4h_china,price_target_24h_utc,price_target_24h_china,price_target_72h_utc,price_target_72h_china,asset_price_t0_kline_time_utc,asset_price_t0_kline_time_china,asset_price_1h_kline_time_utc,asset_price_1h_kline_time_china,asset_price_4h_kline_time_utc,asset_price_4h_kline_time_china,asset_price_24h_kline_time_utc,asset_price_24h_kline_time_china,asset_price_72h_kline_time_utc,asset_price_72h_kline_time_china,btc_price_t0_kline_time_utc,btc_price_t0_kline_time_china,btc_price_1h_kline_time_utc,btc_price_1h_kline_time_china,btc_price_4h_kline_time_utc,btc_price_4h_kline_time_china,btc_price_24h_kline_time_utc,btc_price_24h_kline_time_china,btc_price_72h_kline_time_utc,btc_price_72h_kline_time_china,eth_price_t0_kline_time_utc,eth_price_t0_kline_time_china,eth_price_1h_kline_time_utc,eth_price_1h_kline_time_china,eth_price_4h_kline_time_utc,eth_price_4h_kline_time_china,eth_price_24h_kline_time_utc,eth_price_24h_kline_time_china,eth_price_72h_kline_time_utc,eth_price_72h_kline_time_china,asset_price_t0,asset_price_1h,asset_price_4h,asset_price_24h,asset_price_72h,btc_price_t0,btc_price_1h,btc_price_4h,btc_price_24h,btc_price_72h,eth_price_t0,eth_price_1h,eth_price_4h,eth_price_24h,eth_price_72h,asset_return_1h,asset_return_4h,asset_return_24h,asset_return_72h,btc_return_1h,btc_return_4h,btc_return_24h,btc_return_72h,eth_return_1h,eth_return_4h,eth_return_24h,eth_return_72h,abnormal_vs_btc_1h,abnormal_vs_btc_4h,abnormal_vs_btc_24h,abnormal_vs_btc_72h,abnormal_vs_eth_1h,abnormal_vs_eth_4h,abnormal_vs_eth_24h,abnormal_vs_eth_72h,status,skip_reason
cand_01391,2026-05-20 21:00:02 UTC+8,2026-05-20T13:00:02Z,2026-05-20 21:00:02 UTC+8,"🔥 BITWISE SAYS HYPE IS UNDERVALUED

Bitwise CIO Matt Hougan says the market is wrongly valuing Hyperliquid as only a per","🔥 BITWISE SAYS HYPE IS UNDERVALUED

Bitwise CIO Matt Hougan says the market is wrongly valuing Hyperliquid as only a perp exchange, when it may be closer to a ""super app.""

He argues $HYPE is already the best-performing large-cap crypto asset of 2026, up 77% YTD.",webhook,HYPE,,HYPEUSDT,other,needs_taxonomy_review,webhook,observe,3,binance,futures,HYPEUSDT,published_after_event,2026-05-20T13:00:02Z,2026-05-20 21:00:02 UTC+8,2026-05-20T14:00:02Z,2026-05-20 22:00:02 UTC+8,2026-05-20T17:00:02Z,2026-05-21 01:00:02 UTC+8,2026-05-21T13:00:02Z,2026-05-21 21:00:02 UTC+8,2026-05-23T13:00:02Z,2026-05-23 21:00:02 UTC+8,2026-05-20T13:01:00Z,2026-05-20 21:01:00 UTC+8,2026-05-20T14:01:00Z,2026-05-20 22:01:00 UTC+8,2026-05-20T17:01:00Z,2026-05-21 01:01:00 UTC+8,2026-05-21T13:01:00Z,2026-05-21 21:01:00 UTC+8,2026-05-23T13:01:00Z,2026-05-23 21:01:00 UTC+8,2026-05-20T13:01:00Z,2026-05-20 21:01:00 UTC+8,2026-05-20T14:01:00Z,2026-05-20 22:01:00 UTC+8,2026-05-20T17:01:00Z,2026-05-21 01:01:00 UTC+8,2026-05-21T13:01:00Z,2026-05-21 21:01:00 UTC+8,2026-05-23T13:01:00Z,2026-05-23 21:01:00 UTC+8,2026-05-20T13:01:00Z,2026-05-20 21:01:00 UTC+8,2026-05-20T14:01:00Z,2026-05-20 22:01:00 UTC+8,2026-05-20T17:01:00Z,2026-05-21 01:01:00 UTC+8,2026-05-21T13:01:00Z,2026-05-21 21:01:00 UTC+8,2026-05-23T13:01:00Z,2026-05-23 21:01:00 UTC+8,49.722,51.49,51.502,57.718,55.215,77565.1,77199.99,77338.42,77325.42,74895.85,2133.9,2120.81,2135.75,2119.44,2036.73,0.03555770081653997,0.03579904267728562,0.1608141265435823,0.11047423675636536,-0.004707142774263207,-0.0029224483691764336,-0.003090049519693827,-0.03441302853989747,-0.006134308074417838,0.0008669572144899274,-0.006776325038661657,-0.04553634190918043,0.04026484359080318,0.03872149104646205,0.16390417606327612,0.14488726529626283,0.04169200889095781,0.03493208546279569,0.16759045158224395,0.1560105786655458,ok,
cand_01739,2026-05-20 13:58:42 UTC+8,2026-05-20T05:58:42Z,2026-05-20 13:58:42 UTC+8,"Evaded (@ICanPlug) made $2.1M in just 2 days!

Yesterday, he opened 10x longs on 36,875 $ZEC($21.59M) and 287,618 $HYPE(","Evaded (@ICanPlug) made $2.1M in just 2 days!

Yesterday, he opened 10x longs on 36,875 $ZEC($21.59M) and 287,618 $HYPE($13.89M), and is now sitting on $2.1M in unrealized profit!

https://t.co/mt1sZfN7IC https://t.co/cra66O947B",webhook,HYPE,,HYPEUSDT,other,needs_taxonomy_review,webhook,observe,3,binance,futures,HYPEUSDT,published_after_event,2026-05-20T05:58:42Z,2026-05-20 13:58:42 UTC+8,2026-05-20T06:58:42Z,2026-05-20 14:58:42 UTC+8,2026-05-20T09:58:42Z,2026-05-20 17:58:42 UTC+8,2026-05-21T05:58:42Z,2026-05-21 13:58:42 UTC+8,2026-05-23T05:58:42Z,2026-05-23 13:58:42 UTC+8,2026-05-20T05:59:00Z,2026-05-20 13:59:00 UTC+8,2026-05-20T06:59:00Z,2026-05-20 14:59:00 UTC+8,2026-05-20T09:59:00Z,2026-05-20 17:59:00 UTC+8,2026-05-21T05:59:00Z,2026-05-21 13:59:00 UTC+8,2026-05-23T05:59:00Z,2026-05-23 13:59:00 UTC+8,2026-05-20T05:59:00Z,2026-05-20 13:59:00 UTC+8,2026-05-20T06:59:00Z,2026-05-20 14:59:00 UTC+8,2026-05-20T09:59:00Z,2026-05-20 17:59:00 UTC+8,2026-05-21T05:59:00Z,2026-05-21 13:59:00 UTC+8,2026-05-23T05:59:00Z,2026-05-23 13:59:00 UTC+8,2026-05-20T05:59:00Z,2026-05-20 13:59:00 UTC+8,2026-05-20T06:59:00Z,2026-05-20 14:59:00 UTC+8,2026-05-20T09:59:00Z,2026-05-20 17:59:00 UTC+8,2026-05-21T05:59:00Z,2026-05-21 13:59:00 UTC+8,2026-05-23T05:59:00Z,2026-05-23 13:59:00 UTC+8,48.35,48.494,48.957,56.255,55.323,77196.99,77414.11,77485.13,77828.0,75482.68,2125.63,2133.75,2129.36,2136.3,2064.85,0.002978283350568711,0.012554291623578129,0.16349534643226482,0.1442192347466391,0.002812544893265878,0.003732528949639047,0.008174023365418615,-0.022206953923980866,0.0038200439399143082,0.0017547738788030731,0.005019688280651025,-0.028593875698028404,0.0001657384573028331,0.008821762673939082,0.1553213230668462,0.16642618867061998,-0.0008417605893455971,0.010799517744775056,0.1584756581516138,0.17281311044466752,ok,
cand_01738,2026-05-20 13:59:26 UTC+8,2026-05-20T05:59:26Z,2026-05-20 13:59:26 UTC+8,"Evaded (@ICanPlug) made $2.1M in just 2 days!

Yesterday, he opened 10x longs on 36,875 $ZEC($21.59M) and 287,618 $HYPE(","Evaded (@ICanPlug) made $2.1M in just 2 days!

Yesterday, he opened 10x longs on 36,875 $ZEC($21.59M) and 287,618 $HYPE($13.89M), and is now sitting on $2.1M in unrealized profit.

https://t.co/mt1sZfN7IC https://t.co/bOEEl0v2V9",webhook,HYPE,,HYPEUSDT,other,needs_taxonomy_review,webhook,observe,3,binance,futures,HYPEUSDT,published_after_event,2026-05-20T05:59:26Z,2026-05-20 13:59:26 UTC+8,2026-05-20T06:59:26Z,2026-05-20 14:59:26 UTC+8,2026-05-20T09:59:26Z,2026-05-20 17:59:26 UTC+8,2026-05-21T05:59:26Z,2026-05-21 13:59:26 UTC+8,2026-05-23T05:59:26Z,2026-05-23 13:59:26 UTC+8,2026-05-20T06:00:00Z,2026-05-20 14:00:00 UTC+8,2026-05-20T07:00:00Z,2026-05-20 15:00:00 UTC+8,2026-05-20T10:00:00Z,2026-05-20 18:00:00 UTC+8,2026-05-21T06:00:00Z,2026-05-21 14:00:00 UTC+8,2026-05-23T06:00:00Z,2026-05-23 14:00:00 UTC+8,2026-05-20T06:00:00Z,2026-05-20 14:00:00 UTC+8,2026-05-20T07:00:00Z,2026-05-20 15:00:00 UTC+8,2026-05-20T10:00:00Z,2026-05-20 18:00:00 UTC+8,2026-05-21T06:00:00Z,2026-05-21 14:00:00 UTC+8,2026-05-23T06:00:00Z,2026-05-23 14:00:00 UTC+8,2026-05-20T06:00:00Z,2026-05-20 14:00:00 UTC+8,2026-05-20T07:00:00Z,2026-05-20 15:00:00 UTC+8,2026-05-20T10:00:00Z,2026-05-20 18:00:00 UTC+8,2026-05-21T06:00:00Z,2026-05-21 14:00:00 UTC+8,2026-05-23T06:00:00Z,2026-05-23 14:00:00 UTC+8,48.359,48.477,48.986,56.221,55.369,77223.31,77388.89,77528.97,77802.0,75489.29,2126.6,2132.76,2130.44,2135.53,2064.92,0.0024400835418432187,0.01296552865030276,0.16257573564383043,0.14495750532475848,0.002144171235343384,0.003958131294812484,0.007493721779084694,-0.02245461894860512,0.002896642527979054,0.0018056992382207149,0.004199191197216345,-0.029004044013918873,0.0002959123064998348,0.009007397355490276,0.15508201386474574,0.1674121242733636,-0.00045655898613583545,0.011159829412082045,0.1583765444466141,0.17396154933867736,ok,
cand_04834,2026-05-17 04:22:00 UTC+8,2026-05-16T20:22:00Z,2026-05-17 04:22:00 UTC+8,"I don't think we'll ever see altseason back. 

Most of the altcoins will die and have literally no purpose in this ecosy","I don't think we'll ever see altseason back. 

Most of the altcoins will die and have literally no purpose in this ecosystem. 

That's just the harsh reality of the market and that's not bad.

The teams and protocols that are innovative and provide an ecosystem in which value accruals towards the ecosystem themselves, that makes sense to be sustaining a token itself.

Other than that, there's only, mostly been a purpose of generating and making money for the founders and/or VCs or market makers that have been trading them. 

Only 1% of the tokens make sense and that's why investing into #Altcoins has become more complex.

The only window where we'll be seeing more momentum into those altcoins will be in the end phase of the cycle, that will likely be late in 2027 or even in 2028.

Before that, we'll only see strength in tokens that have value accrual or when there's a hype narrative taking place.",webhook,HYPE,,HYPEUSDT,other,needs_taxonomy_review,webhook,observe,3,binance,futures,HYPEUSDT,published_after_event,2026-05-16T20:22:00Z,2026-05-17 04:22:00 UTC+8,2026-05-16T21:22:00Z,2026-05-17 05:22:00 UTC+8,2026-05-17T00:22:00Z,2026-05-17 08:22:00 UTC+8,2026-05-17T20:22:00Z,2026-05-18 04:22:00 UTC+8,2026-05-19T20:22:00Z,2026-05-20 04:22:00 UTC+8,2026-05-16T20:22:00Z,2026-05-17 04:22:00 UTC+8,2026-05-16T21:22:00Z,2026-05-17 05:22:00 UTC+8,2026-05-17T00:22:00Z,2026-05-17 08:22:00 UTC+8,2026-05-17T20:22:00Z,2026-05-18 04:22:00 UTC+8,2026-05-19T20:22:00Z,2026-05-20 04:22:00 UTC+8,2026-05-16T20:22:00Z,2026-05-17 04:22:00 UTC+8,2026-05-16T21:22:00Z,2026-05-17 05:22:00 UTC+8,2026-05-17T00:22:00Z,2026-05-17 08:22:00 UTC+8,2026-05-17T20:22:00Z,2026-05-18 04:22:00 UTC+8,2026-05-19T20:22:00Z,2026-05-20 04:22:00 UTC+8,2026-05-16T20:22:00Z,2026-05-17 04:22:00 UTC+8,2026-05-16T21:22:00Z,2026-05-17 05:22:00 UTC+8,2026-05-17T00:22:00Z,2026-05-17 08:22:00 UTC+8,2026-05-17T20:22:00Z,2026-05-18 04:22:00 UTC+8,2026-05-19T20:22:00Z,2026-05-20 04:22:00 UTC+8,41.86,41.889,41.989,46.297,48.383,78310.87,78280.8,78157.2,78281.49,76922.26,2182.74,2182.0,2183.38,2188.89,2115.28,0.0006927854753941975,0.003081700907787921,0.105996177735308,0.1558289536550408,-0.00038398245352133653,-0.0019623074038125354,-0.00037517141617748884,-0.017732021110223872,-0.00033902342926772633,0.00029320945233979323,0.0028175595810771004,-0.030906108835683455,0.001076767928915534,0.005044008311600456,0.1063713491514855,0.17356097476526466,0.0010318089046619239,0.0027884914554481277,0.1031786181542309,0.18673506249072425,ok,
cand_04845,2026-05-17 03:09:33 UTC+8,2026-05-16T19:09:33Z,2026-05-17 03:09:33 UTC+8,Hyperliquid团队与美国政策制定者会面讨论链上衍生品市场,币界网消息，Hyperliquid的Jeff Yan表示，团队与美国政策制定者会面，讨论将链上衍生品市场纳入美国监管框架的事宜。这一进展被视为对$HYPE的利好消息。,webhook,HYPE,,HYPEUSDT,other,needs_taxonomy_review,webhook,observe,3,binance,futures,HYPEUSDT,published_after_event,2026-05-16T19:09:33Z,2026-05-17 03:09:33 UTC+8,2026-05-16T20:09:33Z,2026-05-17 04:09:33 UTC+8,2026-05-16T23:09:33Z,2026-05-17 07:09:33 UTC+8,2026-05-17T19:09:33Z,2026-05-18 03:09:33 UTC+8,2026-05-19T19:09:33Z,2026-05-20 03:09:33 UTC+8,2026-05-16T19:10:00Z,2026-05-17 03:10:00 UTC+8,2026-05-16T20:10:00Z,2026-05-17 04:10:00 UTC+8,2026-05-16T23:10:00Z,2026-05-17 07:10:00 UTC+8,2026-05-17T19:10:00Z,2026-05-18 03:10:00 UTC+8,2026-05-19T19:10:00Z,2026-05-20 03:10:00 UTC+8,2026-05-16T19:10:00Z,2026-05-17 03:10:00 UTC+8,2026-05-16T20:10:00Z,2026-05-17 04:10:00 UTC+8,2026-05-16T23:10:00Z,2026-05-17 07:10:00 UTC+8,2026-05-17T19:10:00Z,2026-05-18 03:10:00 UTC+8,2026-05-19T19:10:00Z,2026-05-20 03:10:00 UTC+8,2026-05-16T19:10:00Z,2026-05-17 03:10:00 UTC+8,2026-05-16T20:10:00Z,2026-05-17 04:10:00 UTC+8,2026-05-16T23:10:00Z,2026-05-17 07:10:00 UTC+8,2026-05-17T19:10:00Z,2026-05-18 03:10:00 UTC+8,2026-05-19T19:10:00Z,2026-05-20 03:10:00 UTC+8,41.635,41.85,41.833,45.545,48.513,78237.77,78299.99,78202.41,78241.34,76971.61,2181.01,2182.4,2180.3,2188.17,2121.52,0.005163924582682888,0.004755614266842789,0.09391137264320903,0.1651975501381049,0.0007952680655392008,-0.00045195562194577654,4.563013490788137e-05,-0.016183487847365785,0.0006373194070636856,-0.00032553725109008,0.003282882701133749,-0.02727635361598535,0.0043686565171436875,0.005207569888788566,0.09386574250830115,0.18138103798547067,0.004526605175619203,0.005081151517932869,0.09062848994207529,0.19247390375409024,ok,
cand_02165,2026-05-20 04:03:01 UTC+8,2026-05-19T20:03:01Z,2026-05-20 04:03:01 UTC+8,"There are still so many opportunities in the altcoin markets.

People are just to stubborn and lazy to chase them as peo","There are still so many opportunities in the altcoin markets.

People are just to stubborn and lazy to chase them as people refuse to spend energy into researching protocols.

They’d rather want to chase ‘cheap’ flips with Swatch <> AP watches that flop.

Some very simple examples: $HYPE, $NEAR, $TAO, $ZEC. 

Which am I missing?",webhook,HYPE,,HYPEUSDT,other,needs_taxonomy_review,webhook,observe,3,binance,futures,HYPEUSDT,published_after_event,2026-05-19T20:03:01Z,2026-05-20 04:03:01 UTC+8,2026-05-19T21:03:01Z,2026-05-20 05:03:01 UTC+8,2026-05-20T00:03:01Z,2026-05-20 08:03:01 UTC+8,2026-05-20T20:03:01Z,2026-05-21 04:03:01 UTC+8,2026-05-22T20:03:01Z,2026-05-23 04:03:01 UTC+8,2026-05-19T20:04:00Z,2026-05-20 04:04:00 UTC+8,2026-05-19T21:04:00Z,2026-05-20 05:04:00 UTC+8,2026-05-20T00:04:00Z,2026-05-20 08:04:00 UTC+8,2026-05-20T20:04:00Z,2026-05-21 04:04:00 UTC+8,2026-05-22T20:04:00Z,2026-05-23 04:04:00 UTC+8,2026-05-19T20:04:00Z,2026-05-20 04:04:00 UTC+8,2026-05-19T21:04:00Z,2026-05-20 05:04:00 UTC+8,2026-05-20T00:04:00Z,2026-05-20 08:04:00 UTC+8,2026-05-20T20:04:00Z,2026-05-21 04:04:00 UTC+8,2026-05-22T20:04:00Z,2026-05-23 04:04:00 UTC+8,2026-05-19T20:04:00Z,2026-05-20 04:04:00 UTC+8,2026-05-19T21:04:00Z,2026-05-20 05:04:00 UTC+8,2026-05-20T00:04:00Z,2026-05-20 08:04:00 UTC+8,2026-05-20T20:04:00Z,2026-05-21 04:04:00 UTC+8,2026-05-22T20:04:00Z,2026-05-23 04:04:00 UTC+8,48.384,48.291,47.901,52.642,55.958,76834.5,76996.49,76862.04,77630.41,75885.53,2113.27,2117.87,2112.54,2137.37,2070.37,-0.001922123015873134,-0.00998263888888884,0.08800429894179906,0.15653935185185186,0.0021082977048072493,0.0003584327352945671,0.010358758109963562,-0.012350831983028443,0.002176721384394842,-0.0003454362196974037,0.011404127253024976,-0.02030029291098634,-0.004030420720680383,-0.010341071624183407,0.0776455408318355,0.1688901838348803,-0.004098844400267976,-0.009637202669191436,0.07660017168877409,0.1768396447628382,ok,
cand_04915,2026-05-16 23:35:38 UTC+8,2026-05-16T15:35:38Z,2026-05-16 23:35:38 UTC+8,"These are the altcoins that I think will do provide me the largest return in the coming months.

- NEAR Protocol: Clearl","These are the altcoins that I think will do provide me the largest return in the coming months.

- NEAR Protocol: Clearly showing a lot of momentum due to the increasing growth on the ecosystem and the constant revenues with NEAR Intents. Largest position on my portfolio.

- Bittensor: Also clearly betting on the AI <> Crypto convergence as one of the key metrics of the upcoming period. 

I'm considering adding multiple other altcoins in my portfolio. 

$HYPE, $SUI, to name a few.

Which ones do you think I should consider?",webhook,HYPE,,HYPEUSDT,other,needs_taxonomy_review,webhook,observe,3,binance,futures,HYPEUSDT,published_after_event,2026-05-16T15:35:38Z,2026-05-16 23:35:38 UTC+8,2026-05-16T16:35:38Z,2026-05-17 00:35:38 UTC+8,2026-05-16T19:35:38Z,2026-05-17 03:35:38 UTC+8,2026-05-17T15:35:38Z,2026-05-17 23:35:38 UTC+8,2026-05-19T15:35:38Z,2026-05-19 23:35:38 UTC+8,2026-05-16T15:36:00Z,2026-05-16 23:36:00 UTC+8,2026-05-16T16:36:00Z,2026-05-17 00:36:00 UTC+8,2026-05-16T19:36:00Z,2026-05-17 03:36:00 UTC+8,2026-05-17T15:36:00Z,2026-05-17 23:36:00 UTC+8,2026-05-19T15:36:00Z,2026-05-19 23:36:00 UTC+8,2026-05-16T15:36:00Z,2026-05-16 23:36:00 UTC+8,2026-05-16T16:36:00Z,2026-05-17 00:36:00 UTC+8,2026-05-16T19:36:00Z,2026-05-17 03:36:00 UTC+8,2026-05-17T15:36:00Z,2026-05-17 23:36:00 UTC+8,2026-05-19T15:36:00Z,2026-05-19 23:36:00 UTC+8,2026-05-16T15:36:00Z,2026-05-16 23:36:00 UTC+8,2026-05-16T16:36:00Z,2026-05-17 00:36:00 UTC+8,2026-05-16T19:36:00Z,2026-05-17 03:36:00 UTC+8,2026-05-17T15:36:00Z,2026-05-17 23:36:00 UTC+8,2026-05-19T15:36:00Z,2026-05-19 23:36:00 UTC+8,40.813,40.799,41.631,43.564,47.722,78206.45,78251.37,78276.38,78010.01,76545.69,2180.64,2175.67,2180.52,2184.12,2110.8,-0.00034302795677854103,0.020042633474628202,0.06740499350697071,0.16928429667017864,0.0005743771773298878,0.0008941717722772413,-0.0025118132839426766,-0.0212355886247233,-0.002279147406266002,-5.5029716046650634e-05,0.0015958617653533125,-0.032027294739158996,-0.0009174051341084288,0.01914846170235096,0.06991680679091339,0.19051988529490194,0.0019361194494874612,0.020097663190674853,0.0658091317416174,0.20131159140933763,ok,
cand_03925,2026-05-18 18:28:02 UTC+8,2026-05-18T10:28:02Z,2026-05-18 18:28:02 UTC+8,"A wallet linked to Anchorage (@Anchorage) bought 397,000 $HYPE ($18M) from #Bybit and #OKX.

Over the past month, the wa","A wallet linked to Anchorage (@Anchorage) bought 397,000 $HYPE ($18M) from #Bybit and #OKX.

Over the past month, the wallet has accumulated 2.13M $HYPE ($91.99M).

https://t.co/j249kYt1xo https://t.co/ew1ma8dboG",webhook,HYPE,,HYPEUSDT,other,needs_taxonomy_review,webhook,observe,3,binance,futures,HYPEUSDT,published_after_event,2026-05-18T10:28:02Z,2026-05-18 18:28:02 UTC+8,2026-05-18T11:28:02Z,2026-05-18 19:28:02 UTC+8,2026-05-18T14:28:02Z,2026-05-18 22:28:02 UTC+8,2026-05-19T10:28:02Z,2026-05-19 18:28:02 UTC+8,2026-05-21T10:28:02Z,2026-05-21 18:28:02 UTC+8,2026-05-18T10:29:00Z,2026-05-18 18:29:00 UTC+8,2026-05-18T11:29:00Z,2026-05-18 19:29:00 UTC+8,2026-05-18T14:29:00Z,2026-05-18 22:29:00 UTC+8,2026-05-19T10:29:00Z,2026-05-19 18:29:00 UTC+8,2026-05-21T10:29:00Z,2026-05-21 18:29:00 UTC+8,2026-05-18T10:29:00Z,2026-05-18 18:29:00 UTC+8,2026-05-18T11:29:00Z,2026-05-18 19:29:00 UTC+8,2026-05-18T14:29:00Z,2026-05-18 22:29:00 UTC+8,2026-05-19T10:29:00Z,2026-05-19 18:29:00 UTC+8,2026-05-21T10:29:00Z,2026-05-21 18:29:00 UTC+8,2026-05-18T10:29:00Z,2026-05-18 18:29:00 UTC+8,2026-05-18T11:29:00Z,2026-05-18 19:29:00 UTC+8,2026-05-18T14:29:00Z,2026-05-18 22:29:00 UTC+8,2026-05-19T10:29:00Z,2026-05-19 18:29:00 UTC+8,2026-05-21T10:29:00Z,2026-05-21 18:29:00 UTC+8,45.433,45.123,45.559,47.95,57.872,76818.38,76814.7,76641.66,76837.54,77383.3,2115.82,2114.72,2117.05,2116.5,2116.87,-0.006823234213017004,0.0027733145510970836,0.05540025972310891,0.2737877754055422,-4.790520185415925e-05,-0.002300491106425273,0.0002494194748703382,0.007353969193310217,-0.0005198929965688492,0.0005813348961631881,0.0003213883978787635,0.0004962614967245482,-0.006775329011162845,0.005073805657522357,0.055150840248238575,0.266433806212232,-0.006303341216448155,0.0021919796549338955,0.05507887132523015,0.2732915139088177,ok,
cand_04075,2026-05-18 15:09:21 UTC+8,2026-05-18T07:09:21Z,2026-05-18 15:09:21 UTC+8,"A massive $HYPE buy!

Wallet 0xb5E4, linked to #a16z, bought another 372,000 $HYPE($16.91M) over the past 3 hours.

Sinc","A massive $HYPE buy!

Wallet 0xb5E4, linked to #a16z, bought another 372,000 $HYPE($16.91M) over the past 3 hours.

Since April 14, this wallet has bought a total of 2.11M $HYPE ($90.87M).
https://t.co/Zw7vH744zI
https://t.co/2pBlGb8MUP https://t.co/UbpNerGpgs",webhook,HYPE,,HYPEUSDT,other,needs_taxonomy_review,webhook,observe,3,binance,futures,HYPEUSDT,published_after_event,2026-05-18T07:09:21Z,2026-05-18 15:09:21 UTC+8,2026-05-18T08:09:21Z,2026-05-18 16:09:21 UTC+8,2026-05-18T11:09:21Z,2026-05-18 19:09:21 UTC+8,2026-05-19T07:09:21Z,2026-05-19 15:09:21 UTC+8,2026-05-21T07:09:21Z,2026-05-21 15:09:21 UTC+8,2026-05-18T07:10:00Z,2026-05-18 15:10:00 UTC+8,2026-05-18T08:10:00Z,2026-05-18 16:10:00 UTC+8,2026-05-18T11:10:00Z,2026-05-18 19:10:00 UTC+8,2026-05-19T07:10:00Z,2026-05-19 15:10:00 UTC+8,2026-05-21T07:10:00Z,2026-05-21 15:10:00 UTC+8,2026-05-18T07:10:00Z,2026-05-18 15:10:00 UTC+8,2026-05-18T08:10:00Z,2026-05-18 16:10:00 UTC+8,2026-05-18T11:10:00Z,2026-05-18 19:10:00 UTC+8,2026-05-19T07:10:00Z,2026-05-19 15:10:00 UTC+8,2026-05-21T07:10:00Z,2026-05-21 15:10:00 UTC+8,2026-05-18T07:10:00Z,2026-05-18 15:10:00 UTC+8,2026-05-18T08:10:00Z,2026-05-18 16:10:00 UTC+8,2026-05-18T11:10:00Z,2026-05-18 19:10:00 UTC+8,2026-05-19T07:10:00Z,2026-05-19 15:10:00 UTC+8,2026-05-21T07:10:00Z,2026-05-21 15:10:00 UTC+8,45.423,45.382,45.08,47.928,57.107,76900.0,77076.91,76729.42,77050.69,77609.81,2117.0,2122.11,2112.61,2136.61,2129.0,-0.0009026264227374181,-0.007551240560949357,0.05514827290139346,0.2572265152015498,0.00230052015604687,-0.002218205461638534,0.001959557867360129,0.009230299089726834,0.0024137931034482474,-0.0020736891828058157,0.009263108171941425,0.005668398677373565,-0.0032031465787842883,-0.005333035099310823,0.05318871503403333,0.247996216111823,-0.0033164195261856655,-0.005477551378143541,0.04588516472945203,0.25155811652417626,ok,
cand_00444,2026-05-21 10:58:49 UTC+8,2026-05-21T02:58:49Z,2026-05-21 10:58:49 UTC+8,"loracle.hl(@loraclexyz) is now down nearly $20M on his $HYPE short, but he is still adding to it.

He currently holds a","loracle.hl(@loraclexyz) is now down nearly $20M on his $HYPE short, but he is still adding to it.

He currently holds a 1.71M $HYPE($95.79M) short position, with a liquidation price of $69.78.

https://t.co/Ts1Q50N4R9 https://t.co/mT6Nn03mvF",webhook,HYPE,,HYPEUSDT,other,needs_taxonomy_review,webhook,observe,3,binance,futures,HYPEUSDT,published_after_event,2026-05-21T02:58:49Z,2026-05-21 10:58:49 UTC+8,2026-05-21T03:58:49Z,2026-05-21 11:58:49 UTC+8,2026-05-21T06:58:49Z,2026-05-21 14:58:49 UTC+8,2026-05-22T02:58:49Z,2026-05-22 10:58:49 UTC+8,2026-05-24T02:58:49Z,2026-05-24 10:58:49 UTC+8,2026-05-21T02:59:00Z,2026-05-21 10:59:00 UTC+8,2026-05-21T03:59:00Z,2026-05-21 11:59:00 UTC+8,2026-05-21T06:59:00Z,2026-05-21 14:59:00 UTC+8,2026-05-22T02:59:00Z,2026-05-22 10:59:00 UTC+8,2026-05-24T02:59:00Z,2026-05-24 10:59:00 UTC+8,2026-05-21T02:59:00Z,2026-05-21 10:59:00 UTC+8,2026-05-21T03:59:00Z,2026-05-21 11:59:00 UTC+8,2026-05-21T06:59:00Z,2026-05-21 14:59:00 UTC+8,2026-05-22T02:59:00Z,2026-05-22 10:59:00 UTC+8,2026-05-24T02:59:00Z,2026-05-24 10:59:00 UTC+8,2026-05-21T02:59:00Z,2026-05-21 10:59:00 UTC+8,2026-05-21T03:59:00Z,2026-05-21 11:59:00 UTC+8,2026-05-21T06:59:00Z,2026-05-21 14:59:00 UTC+8,2026-05-22T02:59:00Z,2026-05-22 10:59:00 UTC+8,2026-05-24T02:59:00Z,2026-05-24 10:59:00 UTC+8,55.861,56.751,56.494,57.694,60.053,77955.78,78078.72,77622.14,77673.36,76830.0,2141.5,2145.76,2128.57,2137.98,2122.53,0.015932403644761006,0.011331698322622374,0.03281359087735636,0.07504341132453773,0.0015770479110079894,-0.004279862250111566,-0.0036228230927841665,-0.014441264008903443,0.0019892598645809834,-0.006037823955171495,-0.0016437076815316587,-0.008858276908708773,0.014355355733753017,0.01561156057273394,0.036436413970140524,0.08948467533344118,0.013943143780180023,0.01736952227779387,0.034457298558888017,0.08390168823324651,ok,
cand_00294,2026-05-21 14:29:07 UTC+8,2026-05-21T06:29:07Z,2026-05-21 14:29:07 UTC+8,"All time $HYPE is almost here. $150 is much closer than it was. 

Yachtzee 😘😘😘😘 https://t.co/N6t3u2OcfR","All time $HYPE is almost here. $150 is much closer than it was. 

Yachtzee 😘😘😘😘 https://t.co/N6t3u2OcfR",webhook,HYPE,,HYPEUSDT,other,needs_taxonomy_review,webhook,observe,3,binance,futures,HYPEUSDT,published_after_event,2026-05-21T06:29:07Z,2026-05-21 14:29:07 UTC+8,2026-05-21T07:29:07Z,2026-05-21 15:29:07 UTC+8,2026-05-21T10:29:07Z,2026-05-21 18:29:07 UTC+8,2026-05-22T06:29:07Z,2026-05-22 14:29:07 UTC+8,2026-05-24T06:29:07Z,2026-05-24 14:29:07 UTC+8,2026-05-21T06:30:00Z,2026-05-21 14:30:00 UTC+8,2026-05-21T07:30:00Z,2026-05-21 15:30:00 UTC+8,2026-05-21T10:30:00Z,2026-05-21 18:30:00 UTC+8,2026-05-22T06:30:00Z,2026-05-22 14:30:00 UTC+8,2026-05-24T06:30:00Z,2026-05-24 14:30:00 UTC+8,2026-05-21T06:30:00Z,2026-05-21 14:30:00 UTC+8,2026-05-21T07:30:00Z,2026-05-21 15:30:00 UTC+8,2026-05-21T10:30:00Z,2026-05-21 18:30:00 UTC+8,2026-05-22T06:30:00Z,2026-05-22 14:30:00 UTC+8,2026-05-24T06:30:00Z,2026-05-24 14:30:00 UTC+8,2026-05-21T06:30:00Z,2026-05-21 14:30:00 UTC+8,2026-05-21T07:30:00Z,2026-05-21 15:30:00 UTC+8,2026-05-21T10:30:00Z,2026-05-21 18:30:00 UTC+8,2026-05-22T06:30:00Z,2026-05-22 14:30:00 UTC+8,2026-05-24T06:30:00Z,2026-05-24 14:30:00 UTC+8,56.563,57.425,57.895,58.14,61.025,77800.0,77644.67,77272.99,77430.86,76759.75,2136.65,2130.83,2112.9,2126.76,2118.8,0.015239644290437226,0.023548963103088516,0.02788041652670481,0.07888549051500093,-0.001996529562982019,-0.006773907455012829,-0.00474473007712084,-0.01337082262210798,-0.0027238902019517397,-0.011115531322397176,-0.004628741253831836,-0.008354199330728007,0.017236173853419245,0.030322870558101345,0.03262514660382565,0.09225631313710891,0.017963534492388966,0.03466449442548569,0.032509157780536646,0.08723968984572894,ok,
cand_00539,2026-05-21 09:07:48 UTC+8,2026-05-21T01:07:48Z,2026-05-21 09:07:48 UTC+8,Congrats hype hodlers.  Well deserved.  It’s a no bullshit awesome product.  🎂🎂🎂,Congrats hype hodlers.  Well deserved.  It’s a no bullshit awesome product.  🎂🎂🎂,webhook,HYPE,,HYPEUSDT,other,needs_taxonomy_review,webhook,observe,3,binance,futures,HYPEUSDT,published_after_event,2026-05-21T01:07:48Z,2026-05-21 09:07:48 UTC+8,2026-05-21T02:07:48Z,2026-05-21 10:07:48 UTC+8,2026-05-21T05:07:48Z,2026-05-21 13:07:48 UTC+8,2026-05-22T01:07:48Z,2026-05-22 09:07:48 UTC+8,2026-05-24T01:07:48Z,2026-05-24 09:07:48 UTC+8,2026-05-21T01:08:00Z,2026-05-21 09:08:00 UTC+8,2026-05-21T02:08:00Z,2026-05-21 10:08:00 UTC+8,2026-05-21T05:08:00Z,2026-05-21 13:08:00 UTC+8,2026-05-22T01:08:00Z,2026-05-22 09:08:00 UTC+8,2026-05-24T01:08:00Z,2026-05-24 09:08:00 UTC+8,2026-05-21T01:08:00Z,2026-05-21 09:08:00 UTC+8,2026-05-21T02:08:00Z,2026-05-21 10:08:00 UTC+8,2026-05-21T05:08:00Z,2026-05-21 13:08:00 UTC+8,2026-05-22T01:08:00Z,2026-05-22 09:08:00 UTC+8,2026-05-24T01:08:00Z,2026-05-24 09:08:00 UTC+8,2026-05-21T01:08:00Z,2026-05-21 09:08:00 UTC+8,2026-05-21T02:08:00Z,2026-05-21 10:08:00 UTC+8,2026-05-21T05:08:00Z,2026-05-21 13:08:00 UTC+8,2026-05-22T01:08:00Z,2026-05-22 09:08:00 UTC+8,2026-05-24T01:08:00Z,2026-05-24 09:08:00 UTC+8,56.26,55.801,55.838,57.606,60.545,78013.57,77825.01,78044.01,77408.07,76795.29,2145.68,2139.57,2145.85,2129.98,2120.26,-0.008158549591183673,-0.0075008887308922745,0.0239246356203342,0.07616423746889445,-0.0024170153987314036,0.0003901885274573136,-0.007761470216015032,-0.015616257530581046,-0.0028475821184891226,7.922896238032884e-05,-0.007317027702173573,-0.011847060139442811,-0.005741534192452269,-0.007891077258349588,0.03168610583634923,0.09178049499947549,-0.00531096747269455,-0.007580117693272603,0.031241663322507773,0.08801129760833726,ok,
cand_04918,2026-05-16 23:29:07 UTC+8,2026-05-16T15:29:07Z,2026-05-16 23:29:07 UTC+8,"This is now the LARGEST PATRIOTIC wave in decades.

Tens of thousands of protesters have flooded central London for ""Uni","This is now the LARGEST PATRIOTIC wave in decades.

Tens of thousands of protesters have flooded central London for ""Unite the Kingdom"" rally today.

Police estimate 50,000 attendees at the Unite the Kingdom march and 30,000 at the rival Nakba 78 pro-Palestine rally.

This is one of the largest right-wing mobilisations in modern British history.",webhook,UNI,UNIUSDT,UNIUSDT,other,needs_taxonomy_review,webhook,observe,3,binance,spot,UNIUSDT,published_after_event,2026-05-16T15:29:07Z,2026-05-16 23:29:07 UTC+8,2026-05-16T16:29:07Z,2026-05-17 00:29:07 UTC+8,2026-05-16T19:29:07Z,2026-05-17 03:29:07 UTC+8,2026-05-17T15:29:07Z,2026-05-17 23:29:07 UTC+8,2026-05-19T15:29:07Z,2026-05-19 23:29:07 UTC+8,2026-05-16T15:30:00Z,2026-05-16 23:30:00 UTC+8,2026-05-16T16:30:00Z,2026-05-17 00:30:00 UTC+8,2026-05-16T19:30:00Z,2026-05-17 03:30:00 UTC+8,2026-05-17T15:30:00Z,2026-05-17 23:30:00 UTC+8,2026-05-19T15:30:00Z,2026-05-19 23:30:00 UTC+8,2026-05-16T15:30:00Z,2026-05-16 23:30:00 UTC+8,2026-05-16T16:30:00Z,2026-05-17 00:30:00 UTC+8,2026-05-16T19:30:00Z,2026-05-17 03:30:00 UTC+8,2026-05-17T15:30:00Z,2026-05-17 23:30:00 UTC+8,2026-05-19T15:30:00Z,2026-05-19 23:30:00 UTC+8,2026-05-16T15:30:00Z,2026-05-16 23:30:00 UTC+8,2026-05-16T16:30:00Z,2026-05-17 00:30:00 UTC+8,2026-05-16T19:30:00Z,2026-05-17 03:30:00 UTC+8,2026-05-17T15:30:00Z,2026-05-17 23:30:00 UTC+8,2026-05-19T15:30:00Z,2026-05-19 23:30:00 UTC+8,3.51,3.513,3.511,3.563,3.461,78169.04,78283.77,78270.4,78014.29,76566.93,2178.67,2177.52,2180.74,2183.53,2108.42,0.0008547008547008517,0.0002849002849003579,0.015099715099715194,-0.013960113960113985,0.0014677166305228084,0.0012966770475881795,-0.0019796840283570205,-0.02049545446637191,-0.0005278449696375365,0.0009501209453472992,0.0022307187412504703,-0.03224444271046101,-0.0006130157758219568,-0.0010117767626878216,0.017079399128072215,0.006535340506257925,0.0013825458243383881,-0.0006652206604469413,0.012868996358464724,0.018284328750347023,ok,
cand_00985,2026-05-21 02:34:49 UTC+8,2026-05-20T18:34:49Z,2026-05-21 02:34:49 UTC+8,"Phenomenal post by @SergeyNazarov on the current state of Chainlink and the markets.

It makes me even more excited and","Phenomenal post by @SergeyNazarov on the current state of Chainlink and the markets.

It makes me even more excited and hyped for the upcoming years, as crypto is transitioning towards being a mature asset.",webhook,LINK,LINKUSDT,LINKUSDT,other,needs_taxonomy_review,webhook,observe,3,binance,spot,LINKUSDT,published_after_event,2026-05-20T18:34:49Z,2026-05-21 02:34:49 UTC+8,2026-05-20T19:34:49Z,2026-05-21 03:34:49 UTC+8,2026-05-20T22:34:49Z,2026-05-21 06:34:49 UTC+8,2026-05-21T18:34:49Z,2026-05-22 02:34:49 UTC+8,2026-05-23T18:34:49Z,2026-05-24 02:34:49 UTC+8,2026-05-20T18:35:00Z,2026-05-21 02:35:00 UTC+8,2026-05-20T19:35:00Z,2026-05-21 03:35:00 UTC+8,2026-05-20T22:35:00Z,2026-05-21 06:35:00 UTC+8,2026-05-21T18:35:00Z,2026-05-22 02:35:00 UTC+8,2026-05-23T18:35:00Z,2026-05-24 02:35:00 UTC+8,2026-05-20T18:35:00Z,2026-05-21 02:35:00 UTC+8,2026-05-20T19:35:00Z,2026-05-21 03:35:00 UTC+8,2026-05-20T22:35:00Z,2026-05-21 06:35:00 UTC+8,2026-05-21T18:35:00Z,2026-05-22 02:35:00 UTC+8,2026-05-23T18:35:00Z,2026-05-24 02:35:00 UTC+8,2026-05-20T18:35:00Z,2026-05-21 02:35:00 UTC+8,2026-05-20T19:35:00Z,2026-05-21 03:35:00 UTC+8,2026-05-20T22:35:00Z,2026-05-21 06:35:00 UTC+8,2026-05-21T18:35:00Z,2026-05-22 02:35:00 UTC+8,2026-05-23T18:35:00Z,2026-05-24 02:35:00 UTC+8,9.616,9.657,9.61,9.805,9.416,77503.71,77564.27,77457.76,77760.67,75913.02,2135.9,2137.45,2126.4,2139.68,2079.36,0.004263727121464278,-0.0006239600665557399,0.01965474209650586,-0.02079866888519133,0.0007813819493285301,-0.0005928748443140286,0.0033154541892250755,-0.020524049751940887,0.0007256894049345597,-0.004447773772180308,0.0017697457746148615,-0.026471276745165917,0.003482345172135748,-3.1085222241711286e-05,0.016339287907280786,-0.0002746191332504422,0.0035380377165297183,0.003823813705624568,0.017884996321891,0.005672607859974588,ok,
cand_01764,2026-05-20 13:11:09 UTC+8,2026-05-20T05:11:09Z,2026-05-20 13:11:09 UTC+8,吴说获悉，L2Beat 表示已从源代码重新生成了 Lighter 永续合约 DEX L2 所使用的所有 ZK 电路（包括 Lighter verifier 和 Lighter Desert verifier），从而实现了真正无需信任 Lig,吴说获悉，L2Beat 表示已从源代码重新生成了 Lighter 永续合约 DEX L2 所使用的所有 ZK 电路（包括 Lighter verifier 和 Lighter Desert verifier），从而实现了真正无需信任 Lighter 团队的无权限紧急退出，这意味着用户可以独立生成 ZK 证明来证明自己在 L2 上的账户状态，并在 L1 上通过 Desert verifier 完成资金提取，即使 sequencer 出现故障或恶意行为也不会被卡住。此前，Solana 联创 toly 批评 Lighter 是另一种形式的 CEX。https://t.co/Y9ebmOPmeM,webhook,SOL,SOLUSDT,SOLUSDT,other,needs_taxonomy_review,webhook,observe,3,binance,spot,SOLUSDT,published_after_event,2026-05-20T05:11:09Z,2026-05-20 13:11:09 UTC+8,2026-05-20T06:11:09Z,2026-05-20 14:11:09 UTC+8,2026-05-20T09:11:09Z,2026-05-20 17:11:09 UTC+8,2026-05-21T05:11:09Z,2026-05-21 13:11:09 UTC+8,2026-05-23T05:11:09Z,2026-05-23 13:11:09 UTC+8,2026-05-20T05:12:00Z,2026-05-20 13:12:00 UTC+8,2026-05-20T06:12:00Z,2026-05-20 14:12:00 UTC+8,2026-05-20T09:12:00Z,2026-05-20 17:12:00 UTC+8,2026-05-21T05:12:00Z,2026-05-21 13:12:00 UTC+8,2026-05-23T05:12:00Z,2026-05-23 13:12:00 UTC+8,2026-05-20T05:12:00Z,2026-05-20 13:12:00 UTC+8,2026-05-20T06:12:00Z,2026-05-20 14:12:00 UTC+8,2026-05-20T09:12:00Z,2026-05-20 17:12:00 UTC+8,2026-05-21T05:12:00Z,2026-05-21 13:12:00 UTC+8,2026-05-23T05:12:00Z,2026-05-23 13:12:00 UTC+8,2026-05-20T05:12:00Z,2026-05-20 13:12:00 UTC+8,2026-05-20T06:12:00Z,2026-05-20 14:12:00 UTC+8,2026-05-20T09:12:00Z,2026-05-20 17:12:00 UTC+8,2026-05-21T05:12:00Z,2026-05-21 13:12:00 UTC+8,2026-05-23T05:12:00Z,2026-05-23 13:12:00 UTC+8,84.75,84.86,84.93,86.83,84.35,77256.3,77219.78,77430.01,77956.0,75523.8,2125.79,2127.21,2129.23,2143.74,2065.79,0.0012979351032449404,0.002123893805309862,0.024542772861356976,-0.004719764011799521,-0.0004727122577705689,0.0022484897671775084,0.009056866559749688,-0.022425355602067376,0.0006679869601418087,0.00161822193161143,0.008443919672215916,-0.028224801132755384,0.0017706473610155093,-0.0001245959618676462,0.015485906301607288,0.017705591590267855,0.0006299481431031317,0.0005056718736984323,0.01609885318914106,0.023505037120955863,ok,
cand_00176,2026-05-21 16:39:20 UTC+8,2026-05-21T08:39:20Z,2026-05-21 16:39:20 UTC+8,"🚨HYPERLIQUID NEARS ITS ALL-TIME HIGH AT 59$

$HYPE is now trading near its ATH around $59.30, putting bulls back in cont","🚨HYPERLIQUID NEARS ITS ALL-TIME HIGH AT 59$

$HYPE is now trading near its ATH around $59.30, putting bulls back in control as momentum builds.

Will it break a new record today? https://t.co/nO0PIakHkT",webhook,HYPE,,HYPEUSDT,other,needs_taxonomy_review,webhook,observe,3,binance,futures,HYPEUSDT,published_after_event,2026-05-21T08:39:20Z,2026-05-21 16:39:20 UTC+8,2026-05-21T09:39:20Z,2026-05-21 17:39:20 UTC+8,2026-05-21T12:39:20Z,2026-05-21 20:39:20 UTC+8,2026-05-22T08:39:20Z,2026-05-22 16:39:20 UTC+8,2026-05-24T08:39:20Z,2026-05-24 16:39:20 UTC+8,2026-05-21T08:40:00Z,2026-05-21 16:40:00 UTC+8,2026-05-21T09:40:00Z,2026-05-21 17:40:00 UTC+8,2026-05-21T12:40:00Z,2026-05-21 20:40:00 UTC+8,2026-05-22T08:40:00Z,2026-05-22 16:40:00 UTC+8,2026-05-24T08:40:00Z,2026-05-24 16:40:00 UTC+8,2026-05-21T08:40:00Z,2026-05-21 16:40:00 UTC+8,2026-05-21T09:40:00Z,2026-05-21 17:40:00 UTC+8,2026-05-21T12:40:00Z,2026-05-21 20:40:00 UTC+8,2026-05-22T08:40:00Z,2026-05-22 16:40:00 UTC+8,2026-05-24T08:40:00Z,2026-05-24 16:40:00 UTC+8,2026-05-21T08:40:00Z,2026-05-21 16:40:00 UTC+8,2026-05-21T09:40:00Z,2026-05-21 17:40:00 UTC+8,2026-05-21T12:40:00Z,2026-05-21 20:40:00 UTC+8,2026-05-22T08:40:00Z,2026-05-22 16:40:00 UTC+8,2026-05-24T08:40:00Z,2026-05-24 16:40:00 UTC+8,58.758,58.629,57.508,59.077,62.738,77926.26,77701.58,77282.61,77276.62,76824.57,2137.65,2129.76,2119.12,2122.9,2120.83,-0.0021954457265394023,-0.02127369890057529,0.00542904795942678,0.06773545729943153,-0.0028832385899181245,-0.008259731700199557,-0.008336599241385412,-0.014137596235209937,-0.0036909690548031504,-0.008668397539354111,-0.006900100577737267,-0.007868453675765497,0.0006877928633787223,-0.013013967200375731,0.013765647200812192,0.08187305353464147,0.0014955233282637481,-0.012605301361221177,0.012329148537164047,0.07560391097519703,ok,
cand_02262,2026-05-20 02:17:25 UTC+8,2026-05-19T18:17:25Z,2026-05-20 02:17:25 UTC+8,Basically everyone at solana had an immune response to competitive narratives coming from previous cycles.  Sidechains/L,"Basically everyone at solana had an immune response to competitive narratives coming from previous cycles.  Sidechains/L2s/enterprise deals. 

The opposite is happening now.  The pressure cooker is going to IBRL the chain.",webhook,SOL,SOLUSDT,SOLUSDT,other,needs_taxonomy_review,webhook,observe,3,binance,spot,SOLUSDT,published_after_event,2026-05-19T18:17:25Z,2026-05-20 02:17:25 UTC+8,2026-05-19T19:17:25Z,2026-05-20 03:17:25 UTC+8,2026-05-19T22:17:25Z,2026-05-20 06:17:25 UTC+8,2026-05-20T18:17:25Z,2026-05-21 02:17:25 UTC+8,2026-05-22T18:17:25Z,2026-05-23 02:17:25 UTC+8,2026-05-19T18:18:00Z,2026-05-20 02:18:00 UTC+8,2026-05-19T19:18:00Z,2026-05-20 03:18:00 UTC+8,2026-05-19T22:18:00Z,2026-05-20 06:18:00 UTC+8,2026-05-20T18:18:00Z,2026-05-21 02:18:00 UTC+8,2026-05-22T18:18:00Z,2026-05-23 02:18:00 UTC+8,2026-05-19T18:18:00Z,2026-05-20 02:18:00 UTC+8,2026-05-19T19:18:00Z,2026-05-20 03:18:00 UTC+8,2026-05-19T22:18:00Z,2026-05-20 06:18:00 UTC+8,2026-05-20T18:18:00Z,2026-05-21 02:18:00 UTC+8,2026-05-22T18:18:00Z,2026-05-23 02:18:00 UTC+8,2026-05-19T18:18:00Z,2026-05-20 02:18:00 UTC+8,2026-05-19T19:18:00Z,2026-05-20 03:18:00 UTC+8,2026-05-19T22:18:00Z,2026-05-20 06:18:00 UTC+8,2026-05-20T18:18:00Z,2026-05-21 02:18:00 UTC+8,2026-05-22T18:18:00Z,2026-05-23 02:18:00 UTC+8,84.71,84.53,84.23,86.47,86.61,76916.5,76960.31,76761.65,77576.46,76863.49,2117.93,2119.14,2109.21,2139.37,2120.99,-0.002124896706410029,-0.005666391217093447,0.02077676779601001,0.02242946523432887,0.0005695786989787788,-0.002013222130492265,0.008580213608263554,-0.0006891889256530614,0.0005713125551836118,-0.004117227670413892,0.010123091886889535,0.001444806957737077,-0.0026944754053888076,-0.0036531690866011823,0.012196554187746456,0.023118654159981933,-0.0026962092615936406,-0.001549163546679555,0.010653675909120475,0.020984658276591794,ok,
cand_01745,2026-05-20 13:47:35 UTC+8,2026-05-20T05:47:35Z,2026-05-20 13:47:35 UTC+8,"8Qef2u, the largest $ASTEROID holder on Solana, bought 10.04M $VIRL ($17.7K).

This wallet already holds 25.03M $ASTEROI","8Qef2u, the largest $ASTEROID holder on Solana, bought 10.04M $VIRL ($17.7K).

This wallet already holds 25.03M $ASTEROID ($301.6K) and bought $VIRL after the official @solana account followed @virlfun.

https://t.co/EFi1i8gxMi https://t.co/6c1o1ppaUL",webhook,SOL,SOLUSDT,SOLUSDT,other,needs_taxonomy_review,webhook,observe,3,binance,spot,SOLUSDT,published_after_event,2026-05-20T05:47:35Z,2026-05-20 13:47:35 UTC+8,2026-05-20T06:47:35Z,2026-05-20 14:47:35 UTC+8,2026-05-20T09:47:35Z,2026-05-20 17:47:35 UTC+8,2026-05-21T05:47:35Z,2026-05-21 13:47:35 UTC+8,2026-05-23T05:47:35Z,2026-05-23 13:47:35 UTC+8,2026-05-20T05:48:00Z,2026-05-20 13:48:00 UTC+8,2026-05-20T06:48:00Z,2026-05-20 14:48:00 UTC+8,2026-05-20T09:48:00Z,2026-05-20 17:48:00 UTC+8,2026-05-21T05:48:00Z,2026-05-21 13:48:00 UTC+8,2026-05-23T05:48:00Z,2026-05-23 13:48:00 UTC+8,2026-05-20T05:48:00Z,2026-05-20 13:48:00 UTC+8,2026-05-20T06:48:00Z,2026-05-20 14:48:00 UTC+8,2026-05-20T09:48:00Z,2026-05-20 17:48:00 UTC+8,2026-05-21T05:48:00Z,2026-05-21 13:48:00 UTC+8,2026-05-23T05:48:00Z,2026-05-23 13:48:00 UTC+8,2026-05-20T05:48:00Z,2026-05-20 13:48:00 UTC+8,2026-05-20T06:48:00Z,2026-05-20 14:48:00 UTC+8,2026-05-20T09:48:00Z,2026-05-20 17:48:00 UTC+8,2026-05-21T05:48:00Z,2026-05-21 13:48:00 UTC+8,2026-05-23T05:48:00Z,2026-05-23 13:48:00 UTC+8,84.74,84.91,84.93,86.37,84.42,77164.0,77324.35,77496.51,77742.0,75493.87,2124.76,2130.69,2130.04,2134.35,2065.88,0.0020061364172763163,0.0022421524663678305,0.019235308000944196,-0.0037762567854613405,0.0020780415737908786,0.004309133792960385,0.007490539629879223,-0.021643901301124924,0.0027909034432123114,0.00248498653965612,0.004513450930928586,-0.02771136504828786,-7.190515651456231e-05,-0.002066981326592554,0.011744768371064973,0.017867644515663583,-0.0007847670259359951,-0.00024283407328828943,0.01472185707001561,0.02393510826282652,ok,
cand_00497,2026-05-21 10:04:48 UTC+8,2026-05-21T02:04:48Z,2026-05-21 10:04:48 UTC+8,JUST IN: Hyperliquid flips Solana in fully diluted valuation.,JUST IN: Hyperliquid flips Solana in fully diluted valuation.,webhook,SOL,SOLUSDT,SOLUSDT,other,needs_taxonomy_review,webhook,observe,3,binance,spot,SOLUSDT,published_after_event,2026-05-21T02:04:48Z,2026-05-21 10:04:48 UTC+8,2026-05-21T03:04:48Z,2026-05-21 11:04:48 UTC+8,2026-05-21T06:04:48Z,2026-05-21 14:04:48 UTC+8,2026-05-22T02:04:48Z,2026-05-22 10:04:48 UTC+8,2026-05-24T02:04:48Z,2026-05-24 10:04:48 UTC+8,2026-05-21T02:05:00Z,2026-05-21 10:05:00 UTC+8,2026-05-21T03:05:00Z,2026-05-21 11:05:00 UTC+8,2026-05-21T06:05:00Z,2026-05-21 14:05:00 UTC+8,2026-05-22T02:05:00Z,2026-05-22 10:05:00 UTC+8,2026-05-24T02:05:00Z,2026-05-24 10:05:00 UTC+8,2026-05-21T02:05:00Z,2026-05-21 10:05:00 UTC+8,2026-05-21T03:05:00Z,2026-05-21 11:05:00 UTC+8,2026-05-21T06:05:00Z,2026-05-21 14:05:00 UTC+8,2026-05-22T02:05:00Z,2026-05-22 10:05:00 UTC+8,2026-05-24T02:05:00Z,2026-05-24 10:05:00 UTC+8,2026-05-21T02:05:00Z,2026-05-21 10:05:00 UTC+8,2026-05-21T03:05:00Z,2026-05-21 11:05:00 UTC+8,2026-05-21T06:05:00Z,2026-05-21 14:05:00 UTC+8,2026-05-22T02:05:00Z,2026-05-22 10:05:00 UTC+8,2026-05-24T02:05:00Z,2026-05-24 10:05:00 UTC+8,86.5,86.6,86.54,87.13,85.95,77866.98,77969.68,77868.38,77652.95,76861.77,2140.89,2142.4,2138.09,2137.47,2122.31,0.0011560693641616826,0.0004624277456648507,0.007283236994219511,-0.0063583815028901425,0.0013189159255950766,1.797937970637875e-05,-0.002748661884665382,-0.012909323053237665,0.0007053141450519274,-0.001307867288837694,-0.0015974664742233191,-0.008678633652359546,-0.00016284656143339404,0.0004444483659584719,0.010031898878884893,0.006550941550347522,0.00045075521910975525,0.0017702950345025448,0.00888070346844283,0.002320252149469404,ok,
cand_00500,2026-05-21 10:02:46 UTC+8,2026-05-21T02:02:46Z,2026-05-21 10:02:46 UTC+8,JUST IN: Hyperliquid flips Solana in fully diluted valuation.,JUST IN: Hyperliquid flips Solana in fully diluted valuation.,webhook,SOL,SOLUSDT,SOLUSDT,other,needs_taxonomy_review,webhook,observe,3,binance,spot,SOLUSDT,published_after_event,2026-05-21T02:02:46Z,2026-05-21 10:02:46 UTC+8,2026-05-21T03:02:46Z,2026-05-21 11:02:46 UTC+8,2026-05-21T06:02:46Z,2026-05-21 14:02:46 UTC+8,2026-05-22T02:02:46Z,2026-05-22 10:02:46 UTC+8,2026-05-24T02:02:46Z,2026-05-24 10:02:46 UTC+8,2026-05-21T02:03:00Z,2026-05-21 10:03:00 UTC+8,2026-05-21T03:03:00Z,2026-05-21 11:03:00 UTC+8,2026-05-21T06:03:00Z,2026-05-21 14:03:00 UTC+8,2026-05-22T02:03:00Z,2026-05-22 10:03:00 UTC+8,2026-05-24T02:03:00Z,2026-05-24 10:03:00 UTC+8,2026-05-21T02:03:00Z,2026-05-21 10:03:00 UTC+8,2026-05-21T03:03:00Z,2026-05-21 11:03:00 UTC+8,2026-05-21T06:03:00Z,2026-05-21 14:03:00 UTC+8,2026-05-22T02:03:00Z,2026-05-22 10:03:00 UTC+8,2026-05-24T02:03:00Z,2026-05-24 10:03:00 UTC+8,2026-05-21T02:03:00Z,2026-05-21 10:03:00 UTC+8,2026-05-21T03:03:00Z,2026-05-21 11:03:00 UTC+8,2026-05-21T06:03:00Z,2026-05-21 14:03:00 UTC+8,2026-05-22T02:03:00Z,2026-05-22 10:03:00 UTC+8,2026-05-24T02:03:00Z,2026-05-24 10:03:00 UTC+8,86.56,86.56,86.56,87.17,86.04,77890.01,77978.8,77857.85,77693.53,76908.0,2142.17,2142.21,2138.07,2138.05,2124.23,0.0,0.0,0.007047134935304955,-0.006007393715341869,0.0011399407960019925,-0.0004128899200294134,-0.002522531451722654,-0.012607650198016351,1.8672654364504382e-05,-0.001913947072361144,-0.0019232833995433962,-0.008374685482478106,-0.0011399407960019925,0.0004128899200294134,0.009569666387027609,0.0066002564826744825,-1.8672654364504382e-05,0.001913947072361144,0.008970418334848351,0.002367291767136237,ok,
cand_04289,2026-05-18 08:40:16 UTC+8,2026-05-18T00:40:16Z,2026-05-18 08:40:16 UTC+8,🚨 UPDATE: Aave confirms WETH LTVs have been restored to pre-incident levels across all affected V3 deployments following,🚨 UPDATE: Aave confirms WETH LTVs have been restored to pre-incident levels across all affected V3 deployments following the rsETH technical recovery plan. https://t.co/qBLQnWSE5t,webhook,AAVE,AAVEUSDT,AAVEUSDT,other,needs_taxonomy_review,webhook,observe,3,binance,spot,AAVEUSDT,published_after_event,2026-05-18T00:40:16Z,2026-05-18 08:40:16 UTC+8,2026-05-18T01:40:16Z,2026-05-18 09:40:16 UTC+8,2026-05-18T04:40:16Z,2026-05-18 12:40:16 UTC+8,2026-05-19T00:40:16Z,2026-05-19 08:40:16 UTC+8,2026-05-21T00:40:16Z,2026-05-21 08:40:16 UTC+8,2026-05-18T00:41:00Z,2026-05-18 08:41:00 UTC+8,2026-05-18T01:41:00Z,2026-05-18 09:41:00 UTC+8,2026-05-18T04:41:00Z,2026-05-18 12:41:00 UTC+8,2026-05-19T00:41:00Z,2026-05-19 08:41:00 UTC+8,2026-05-21T00:41:00Z,2026-05-21 08:41:00 UTC+8,2026-05-18T00:41:00Z,2026-05-18 08:41:00 UTC+8,2026-05-18T01:41:00Z,2026-05-18 09:41:00 UTC+8,2026-05-18T04:41:00Z,2026-05-18 12:41:00 UTC+8,2026-05-19T00:41:00Z,2026-05-19 08:41:00 UTC+8,2026-05-21T00:41:00Z,2026-05-21 08:41:00 UTC+8,2026-05-18T00:41:00Z,2026-05-18 08:41:00 UTC+8,2026-05-18T01:41:00Z,2026-05-18 09:41:00 UTC+8,2026-05-18T04:41:00Z,2026-05-18 12:41:00 UTC+8,2026-05-19T00:41:00Z,2026-05-19 08:41:00 UTC+8,2026-05-21T00:41:00Z,2026-05-21 08:41:00 UTC+8,88.97,88.47,88.75,89.82,88.62,77136.0,76789.6,76995.96,77159.57,77705.97,2112.4,2110.25,2121.44,2136.63,2136.09,-0.0056198718669214776,-0.00247274362144545,0.009553782173766345,-0.003933910306844979,-0.004490769549885809,-0.001815494710640908,0.0003055641982991908,0.007389156813939035,-0.0010177996591554939,0.004279492520355976,0.011470365461086818,0.011214732058322241,-0.0011291023170356684,-0.0006572489108045421,0.009248217975467155,-0.011323067120784014,-0.004602072207765984,-0.0067522361418014265,-0.0019165832873204725,-0.01514864236516722,ok,
cand_02373,2026-05-20 00:26:20 UTC+8,2026-05-19T16:26:20Z,2026-05-20 00:26:20 UTC+8,I think it’s gonna be a slog to get meaningful progress.  I also think that solana is best at slogging,I think it’s gonna be a slog to get meaningful progress.  I also think that solana is best at slogging,webhook,SOL,SOLUSDT,SOLUSDT,other,needs_taxonomy_review,webhook,observe,3,binance,spot,SOLUSDT,published_after_event,2026-05-19T16:26:20Z,2026-05-20 00:26:20 UTC+8,2026-05-19T17:26:20Z,2026-05-20 01:26:20 UTC+8,2026-05-19T20:26:20Z,2026-05-20 04:26:20 UTC+8,2026-05-20T16:26:20Z,2026-05-21 00:26:20 UTC+8,2026-05-22T16:26:20Z,2026-05-23 00:26:20 UTC+8,2026-05-19T16:27:00Z,2026-05-20 00:27:00 UTC+8,2026-05-19T17:27:00Z,2026-05-20 01:27:00 UTC+8,2026-05-19T20:27:00Z,2026-05-20 04:27:00 UTC+8,2026-05-20T16:27:00Z,2026-05-21 00:27:00 UTC+8,2026-05-22T16:27:00Z,2026-05-23 00:27:00 UTC+8,2026-05-19T16:27:00Z,2026-05-20 00:27:00 UTC+8,2026-05-19T17:27:00Z,2026-05-20 01:27:00 UTC+8,2026-05-19T20:27:00Z,2026-05-20 04:27:00 UTC+8,2026-05-20T16:27:00Z,2026-05-21 00:27:00 UTC+8,2026-05-22T16:27:00Z,2026-05-23 00:27:00 UTC+8,2026-05-19T16:27:00Z,2026-05-20 00:27:00 UTC+8,2026-05-19T17:27:00Z,2026-05-20 01:27:00 UTC+8,2026-05-19T20:27:00Z,2026-05-20 04:27:00 UTC+8,2026-05-20T16:27:00Z,2026-05-21 00:27:00 UTC+8,2026-05-22T16:27:00Z,2026-05-23 00:27:00 UTC+8,84.39,84.73,84.4,85.8,86.75,76588.77,76886.29,76927.52,77189.67,76897.4,2112.28,2119.47,2115.99,2130.08,2119.8,0.00402891337836242,0.0001184974523047444,0.0167081407749734,0.027965398743927006,0.003884642617971057,0.00442297219292076,0.007845797758600837,0.004029703049154509,0.0034039047853502424,0.0017563959323572131,0.008426913098642075,0.003560134073134158,0.00014427076039136288,-0.0043044747406160155,0.008862343016372565,0.023935695694772496,0.0006250085930121774,-0.0016378984800524687,0.008281227676331326,0.024405264670792848,ok,
cand_03823,2026-05-18 20:11:16 UTC+8,2026-05-18T12:11:16Z,2026-05-18 20:11:16 UTC+8,"ARKHAM @ PFL SAN DIEGO: TICKETS STILL AVAILABLE

We’re hosting Arkham community members & VIPs at PFL San Diego on June","ARKHAM @ PFL SAN DIEGO: TICKETS STILL AVAILABLE

We’re hosting Arkham community members & VIPs at PFL San Diego on June 27th. You’ll sit CAGESIDE with complimentary food & drinks.

You can score a ticket by registering at the link below. We’ll inform the winners on June 6th. Link in the next Tweet:",webhook,LINK,LINKUSDT,LINKUSDT,other,needs_taxonomy_review,webhook,observe,3,binance,spot,LINKUSDT,published_after_event,2026-05-18T12:11:16Z,2026-05-18 20:11:16 UTC+8,2026-05-18T13:11:16Z,2026-05-18 21:11:16 UTC+8,2026-05-18T16:11:16Z,2026-05-19 00:11:16 UTC+8,2026-05-19T12:11:16Z,2026-05-19 20:11:16 UTC+8,2026-05-21T12:11:16Z,2026-05-21 20:11:16 UTC+8,2026-05-18T12:12:00Z,2026-05-18 20:12:00 UTC+8,2026-05-18T13:12:00Z,2026-05-18 21:12:00 UTC+8,2026-05-18T16:12:00Z,2026-05-19 00:12:00 UTC+8,2026-05-19T12:12:00Z,2026-05-19 20:12:00 UTC+8,2026-05-21T12:12:00Z,2026-05-21 20:12:00 UTC+8,2026-05-18T12:12:00Z,2026-05-18 20:12:00 UTC+8,2026-05-18T13:12:00Z,2026-05-18 21:12:00 UTC+8,2026-05-18T16:12:00Z,2026-05-19 00:12:00 UTC+8,2026-05-19T12:12:00Z,2026-05-19 20:12:00 UTC+8,2026-05-21T12:12:00Z,2026-05-21 20:12:00 UTC+8,2026-05-18T12:12:00Z,2026-05-18 20:12:00 UTC+8,2026-05-18T13:12:00Z,2026-05-18 21:12:00 UTC+8,2026-05-18T16:12:00Z,2026-05-19 00:12:00 UTC+8,2026-05-19T12:12:00Z,2026-05-19 20:12:00 UTC+8,2026-05-21T12:12:00Z,2026-05-21 20:12:00 UTC+8,9.55,9.55,9.45,9.54,9.553,77421.49,77532.0,76537.29,76784.57,77178.01,2143.23,2149.6,2108.96,2113.83,2113.54,0.0,-0.010471204188481797,-0.0010471204188483574,0.0003141361256544517,0.0014273814673417817,-0.011420601695989241,-0.008226656449004,-0.0031448632672919086,0.0029721495126513453,-0.015989884426776402,-0.0137176131353145,-0.013852922924744493,-0.0014273814673417817,0.0009493975075074434,0.007179536030155642,0.0034589993929463603,-0.0029721495126513453,0.005518680238294604,0.012670492716466142,0.014167059050398945,ok,
cand_00375,2026-05-21 12:32:41 UTC+8,2026-05-21T04:32:41Z,2026-05-21 12:32:41 UTC+8,Hyperliquid has flipped Solana by FDV. https://t.co/rDF5FRg4TK,Hyperliquid has flipped Solana by FDV. https://t.co/rDF5FRg4TK,webhook,SOL,SOLUSDT,SOLUSDT,other,needs_taxonomy_review,webhook,observe,3,binance,spot,SOLUSDT,published_after_event,2026-05-21T04:32:41Z,2026-05-21 12:32:41 UTC+8,2026-05-21T05:32:41Z,2026-05-21 13:32:41 UTC+8,2026-05-21T08:32:41Z,2026-05-21 16:32:41 UTC+8,2026-05-22T04:32:41Z,2026-05-22 12:32:41 UTC+8,2026-05-24T04:32:41Z,2026-05-24 12:32:41 UTC+8,2026-05-21T04:33:00Z,2026-05-21 12:33:00 UTC+8,2026-05-21T05:33:00Z,2026-05-21 13:33:00 UTC+8,2026-05-21T08:33:00Z,2026-05-21 16:33:00 UTC+8,2026-05-22T04:33:00Z,2026-05-22 12:33:00 UTC+8,2026-05-24T04:33:00Z,2026-05-24 12:33:00 UTC+8,2026-05-21T04:33:00Z,2026-05-21 12:33:00 UTC+8,2026-05-21T05:33:00Z,2026-05-21 13:33:00 UTC+8,2026-05-21T08:33:00Z,2026-05-21 16:33:00 UTC+8,2026-05-22T04:33:00Z,2026-05-22 12:33:00 UTC+8,2026-05-24T04:33:00Z,2026-05-24 12:33:00 UTC+8,2026-05-21T04:33:00Z,2026-05-21 12:33:00 UTC+8,2026-05-21T05:33:00Z,2026-05-21 13:33:00 UTC+8,2026-05-21T08:33:00Z,2026-05-21 16:33:00 UTC+8,2026-05-22T04:33:00Z,2026-05-22 12:33:00 UTC+8,2026-05-24T04:33:00Z,2026-05-24 12:33:00 UTC+8,86.84,86.69,86.84,87.2,86.0,77972.9,77914.34,77945.17,77801.94,76753.78,2143.89,2141.78,2138.2,2137.78,2121.45,-0.0017273146015661656,0.0,0.004145555043758575,-0.009672961768770194,-0.0007510301656088458,-0.00035563638135804876,-0.0021925566446803213,-0.01563517581108298,-0.0009841922859846752,-0.0026540540792671097,-0.002849959652780565,-0.01046695492772487,-0.0009762844359573197,0.00035563638135804876,0.006338111688438897,0.005962214042312786,-0.0007431223155814903,0.0026540540792671097,0.00699551469653914,0.0007939931589546756,ok,
cand_00344,2026-05-21 13:10:25 UTC+8,2026-05-21T05:10:25Z,2026-05-21 13:10:25 UTC+8,SOL生态代币普涨，FIDA涨超34%,据 OKX 行情数据，SOL 生态普涨，FIDA 涨超 34%，JITO 涨超 33%，JUP 涨超 8.45%，PUMP 涨超 5.91%。,news:odaily_exchange_gap,SOL,SOLUSDT,SOLUSDT,other,needs_taxonomy_review,news:odaily_exchange_gap,observe,3,binance,spot,SOLUSDT,published_after_event,2026-05-21T05:10:25Z,2026-05-21 13:10:25 UTC+8,2026-05-21T06:10:25Z,2026-05-21 14:10:25 UTC+8,2026-05-21T09:10:25Z,2026-05-21 17:10:25 UTC+8,2026-05-22T05:10:25Z,2026-05-22 13:10:25 UTC+8,2026-05-24T05:10:25Z,2026-05-24 13:10:25 UTC+8,2026-05-21T05:11:00Z,2026-05-21 13:11:00 UTC+8,2026-05-21T06:11:00Z,2026-05-21 14:11:00 UTC+8,2026-05-21T09:11:00Z,2026-05-21 17:11:00 UTC+8,2026-05-22T05:11:00Z,2026-05-22 13:11:00 UTC+8,2026-05-24T05:11:00Z,2026-05-24 13:11:00 UTC+8,2026-05-21T05:11:00Z,2026-05-21 13:11:00 UTC+8,2026-05-21T06:11:00Z,2026-05-21 14:11:00 UTC+8,2026-05-21T09:11:00Z,2026-05-21 17:11:00 UTC+8,2026-05-22T05:11:00Z,2026-05-22 13:11:00 UTC+8,2026-05-24T05:11:00Z,2026-05-24 13:11:00 UTC+8,2026-05-21T05:11:00Z,2026-05-21 13:11:00 UTC+8,2026-05-21T06:11:00Z,2026-05-21 14:11:00 UTC+8,2026-05-21T09:11:00Z,2026-05-21 17:11:00 UTC+8,2026-05-22T05:11:00Z,2026-05-22 13:11:00 UTC+8,2026-05-24T05:11:00Z,2026-05-24 13:11:00 UTC+8,86.89,86.39,86.88,87.06,85.84,77997.54,77779.98,77938.7,77681.5,76742.5,2144.94,2135.44,2138.17,2134.57,2118.67,-0.005754402117620017,-0.00011508804235249581,0.0019564967199907635,-0.012084244447001957,-0.0027893187400525044,-0.0007543827664308056,-0.004051922663201868,-0.016090763888194304,-0.004429028317808448,-0.0031562654433223702,-0.004834634069018184,-0.012247428832508178,-0.0029650833775675123,0.0006392947240783098,0.006008419383192631,0.004006519441192347,-0.0013253737998115689,0.0030411774009698744,0.006791130789008948,0.00016318438550622094,ok,
cand_04894,2026-05-17 00:55:14 UTC+8,2026-05-16T16:55:14Z,2026-05-17 00:55:14 UTC+8,"I spoke with @jvisserlabs to break down why all-time highs in the stock market are flashing warning signs, how the Iran","I spoke with @jvisserlabs to break down why all-time highs in the stock market are flashing warning signs, how the Iran conflict is fueling a longer inflation cycle, why the AI semiconductor boom may be hitting near-term bottlenecks, and what Dogecoin is quietly signaling about the next crypto move.

YouTube: https://t.co/qyQn17wgjm
Apple: https://t.co/Tl8ZwTcuDj
Spotify: https://t.co/i2kXTRWObO 

TIMESTAMPS:
0:00 - Intro
0:40 - Stock market all-time highs & what's driving them
4:29 - Iran conflict, oil prices & inflation outlook
9:43 - What comes next for markets?
19:30 - Jensen Huang's 1000x energy demand & AI infrastructure
27:40 - Data center opposition & political headwinds
30:43 - Dogecoin as a retail sentiment signal
37:00 - Trump's China trip — signal or show?
41:31 - GameStop's eBay bid & digital activist investing
49:40 - Jordi’s upcoming video",webhook,DOGE,DOGEUSDT,DOGEUSDT,other,needs_taxonomy_review,webhook,observe,3,binance,spot,DOGEUSDT,published_after_event,2026-05-16T16:55:14Z,2026-05-17 00:55:14 UTC+8,2026-05-16T17:55:14Z,2026-05-17 01:55:14 UTC+8,2026-05-16T20:55:14Z,2026-05-17 04:55:14 UTC+8,2026-05-17T16:55:14Z,2026-05-18 00:55:14 UTC+8,2026-05-19T16:55:14Z,2026-05-20 00:55:14 UTC+8,2026-05-16T16:56:00Z,2026-05-17 00:56:00 UTC+8,2026-05-16T17:56:00Z,2026-05-17 01:56:00 UTC+8,2026-05-16T20:56:00Z,2026-05-17 04:56:00 UTC+8,2026-05-17T16:56:00Z,2026-05-18 00:56:00 UTC+8,2026-05-19T16:56:00Z,2026-05-20 00:56:00 UTC+8,2026-05-16T16:56:00Z,2026-05-17 00:56:00 UTC+8,2026-05-16T17:56:00Z,2026-05-17 01:56:00 UTC+8,2026-05-16T20:56:00Z,2026-05-17 04:56:00 UTC+8,2026-05-17T16:56:00Z,2026-05-18 00:56:00 UTC+8,2026-05-19T16:56:00Z,2026-05-20 00:56:00 UTC+8,2026-05-16T16:56:00Z,2026-05-17 00:56:00 UTC+8,2026-05-16T17:56:00Z,2026-05-17 01:56:00 UTC+8,2026-05-16T20:56:00Z,2026-05-17 04:56:00 UTC+8,2026-05-17T16:56:00Z,2026-05-18 00:56:00 UTC+8,2026-05-19T16:56:00Z,2026-05-20 00:56:00 UTC+8,0.10973,0.10958,0.1096,0.11008,0.1041,78199.72,78226.41,78248.73,78057.65,76887.75,2174.66,2179.13,2181.47,2182.69,2120.91,-0.001366991706917009,-0.0011847261459946301,0.0031896473161396877,-0.05130775539961718,0.00034130556989220295,0.0006267285867518346,-0.0018167584231760792,-0.016777170046133216,0.002055493732353586,0.0031315240083507057,0.003692531246263897,-0.024716507408054644,-0.001708297276809212,-0.0018114547327464647,0.005006405739315767,-0.03453058535348397,-0.003422485439270595,-0.004316250154345336,-0.0005028839301242094,-0.02659124799156254,ok,
cand_02789,2026-05-19 17:00:48 UTC+8,2026-05-19T09:00:48Z,2026-05-19 17:00:48 UTC+8,"Persistence pays off!

More than 6 months ago, trader 0x082e opened a 5x long on 1.38M $HYPE ($66.3M), becoming the larg","Persistence pays off!

More than 6 months ago, trader 0x082e opened a 5x long on 1.38M $HYPE ($66.3M), becoming the largest on-chain $HYPE bull.

As $HYPE fell, he was once down over $25M.

But after $HYPE rallied, he has turned the position around and is now sitting on an unrealized profit of $12.9M.

https://t.co/B8uXSUvXMt",webhook,HYPE,,HYPEUSDT,other,needs_taxonomy_review,webhook,observe,3,binance,futures,HYPEUSDT,published_after_event,2026-05-19T09:00:48Z,2026-05-19 17:00:48 UTC+8,2026-05-19T10:00:48Z,2026-05-19 18:00:48 UTC+8,2026-05-19T13:00:48Z,2026-05-19 21:00:48 UTC+8,2026-05-20T09:00:48Z,2026-05-20 17:00:48 UTC+8,2026-05-22T09:00:48Z,2026-05-22 17:00:48 UTC+8,2026-05-19T09:01:00Z,2026-05-19 17:01:00 UTC+8,2026-05-19T10:01:00Z,2026-05-19 18:01:00 UTC+8,2026-05-19T13:01:00Z,2026-05-19 21:01:00 UTC+8,2026-05-20T09:01:00Z,2026-05-20 17:01:00 UTC+8,2026-05-22T09:01:00Z,2026-05-22 17:01:00 UTC+8,2026-05-19T09:01:00Z,2026-05-19 17:01:00 UTC+8,2026-05-19T10:01:00Z,2026-05-19 18:01:00 UTC+8,2026-05-19T13:01:00Z,2026-05-19 21:01:00 UTC+8,2026-05-20T09:01:00Z,2026-05-20 17:01:00 UTC+8,2026-05-22T09:01:00Z,2026-05-22 17:01:00 UTC+8,2026-05-19T09:01:00Z,2026-05-19 17:01:00 UTC+8,2026-05-19T10:01:00Z,2026-05-19 18:01:00 UTC+8,2026-05-19T13:01:00Z,2026-05-19 21:01:00 UTC+8,2026-05-20T09:01:00Z,2026-05-20 17:01:00 UTC+8,2026-05-22T09:01:00Z,2026-05-22 17:01:00 UTC+8,48.136,47.874,47.871,48.582,59.236,77052.38,76828.48,76945.51,77453.37,77243.01,2134.1,2114.42,2118.83,2131.43,2121.19,-0.005442911750041524,-0.005505235167026723,0.009265414658467641,0.2305966428452717,-0.0029058154984961115,-0.001386978572238906,0.005204122182857818,0.0024740313018234428,-0.009221685956609216,-0.00715524108523502,-0.0012511128813083028,-0.006049388501007336,-0.002537096251545412,-0.004118256594787817,0.004061292475609823,0.22812261154344826,0.003778774206567692,0.0016500059182082971,0.010516527539775944,0.23664603134627904,ok,
cand_04044,2026-05-18 16:08:12 UTC+8,2026-05-18T08:08:12Z,2026-05-18 16:08:12 UTC+8,https://t.co/nMjQcILxG5 is on @solana,https://t.co/nMjQcILxG5 is on @solana,webhook,SOL,SOLUSDT,SOLUSDT,other,needs_taxonomy_review,webhook,observe,3,binance,spot,SOLUSDT,published_after_event,2026-05-18T08:08:12Z,2026-05-18 16:08:12 UTC+8,2026-05-18T09:08:12Z,2026-05-18 17:08:12 UTC+8,2026-05-18T12:08:12Z,2026-05-18 20:08:12 UTC+8,2026-05-19T08:08:12Z,2026-05-19 16:08:12 UTC+8,2026-05-21T08:08:12Z,2026-05-21 16:08:12 UTC+8,2026-05-18T08:09:00Z,2026-05-18 16:09:00 UTC+8,2026-05-18T09:09:00Z,2026-05-18 17:09:00 UTC+8,2026-05-18T12:09:00Z,2026-05-18 20:09:00 UTC+8,2026-05-19T08:09:00Z,2026-05-19 16:09:00 UTC+8,2026-05-21T08:09:00Z,2026-05-21 16:09:00 UTC+8,2026-05-18T08:09:00Z,2026-05-18 16:09:00 UTC+8,2026-05-18T09:09:00Z,2026-05-18 17:09:00 UTC+8,2026-05-18T12:09:00Z,2026-05-18 20:09:00 UTC+8,2026-05-19T08:09:00Z,2026-05-19 16:09:00 UTC+8,2026-05-21T08:09:00Z,2026-05-21 16:09:00 UTC+8,2026-05-18T08:09:00Z,2026-05-18 16:09:00 UTC+8,2026-05-18T09:09:00Z,2026-05-18 17:09:00 UTC+8,2026-05-18T12:09:00Z,2026-05-18 20:09:00 UTC+8,2026-05-19T08:09:00Z,2026-05-19 16:09:00 UTC+8,2026-05-21T08:09:00Z,2026-05-21 16:09:00 UTC+8,84.87,84.68,85.29,85.16,87.0,77116.93,76933.15,77457.77,77098.0,78112.0,2122.52,2117.96,2144.92,2137.01,2143.58,-0.0022387180393542705,0.004948745139625288,0.003416990691645916,0.025097207493814055,-0.0023831342871143413,0.004419781752204255,-0.0002454713900046368,0.012903392290123605,-0.002148389650038607,0.010553493017733784,0.006826790795846582,0.009922167988994257,0.00014441624776007078,0.0005289633874210331,0.0036624620816505526,0.01219381520369045,-9.032838931566367e-05,-0.005604747878108496,-0.0034098001042006665,0.015175039504819798,ok,
cand_04358,2026-05-18 06:47:11 UTC+8,2026-05-17T22:47:11Z,2026-05-18 06:47:11 UTC+8,Bonus points for mentioning that the Pentad were promised 0.83 cent Ada provisions and got less than 0.50 cents but stil,Bonus points for mentioning that the Pentad were promised 0.83 cent Ada provisions and got less than 0.50 cents but still had to hunt the great beasts,webhook,ADA,ADAUSDT,ADAUSDT,other,needs_taxonomy_review,webhook,observe,3,binance,spot,ADAUSDT,published_after_event,2026-05-17T22:47:11Z,2026-05-18 06:47:11 UTC+8,2026-05-17T23:47:11Z,2026-05-18 07:47:11 UTC+8,2026-05-18T02:47:11Z,2026-05-18 10:47:11 UTC+8,2026-05-18T22:47:11Z,2026-05-19 06:47:11 UTC+8,2026-05-20T22:47:11Z,2026-05-21 06:47:11 UTC+8,2026-05-17T22:48:00Z,2026-05-18 06:48:00 UTC+8,2026-05-17T23:48:00Z,2026-05-18 07:48:00 UTC+8,2026-05-18T02:48:00Z,2026-05-18 10:48:00 UTC+8,2026-05-18T22:48:00Z,2026-05-19 06:48:00 UTC+8,2026-05-20T22:48:00Z,2026-05-21 06:48:00 UTC+8,2026-05-17T22:48:00Z,2026-05-18 06:48:00 UTC+8,2026-05-17T23:48:00Z,2026-05-18 07:48:00 UTC+8,2026-05-18T02:48:00Z,2026-05-18 10:48:00 UTC+8,2026-05-18T22:48:00Z,2026-05-19 06:48:00 UTC+8,2026-05-20T22:48:00Z,2026-05-21 06:48:00 UTC+8,2026-05-17T22:48:00Z,2026-05-18 06:48:00 UTC+8,2026-05-17T23:48:00Z,2026-05-18 07:48:00 UTC+8,2026-05-18T02:48:00Z,2026-05-18 10:48:00 UTC+8,2026-05-18T22:48:00Z,2026-05-19 06:48:00 UTC+8,2026-05-20T22:48:00Z,2026-05-21 06:48:00 UTC+8,0.2539,0.2501,0.2518,0.2515,0.2494,77994.23,77249.39,76875.47,76997.47,77500.14,2181.02,2124.06,2119.36,2132.86,2127.96,-0.014966522252855552,-0.008270972823946399,-0.009452540370224582,-0.01772351319417098,-0.009549937219714755,-0.014344138021492037,-0.012779919745345203,-0.00633495580378185,-0.02611622085079457,-0.028271175871839693,-0.02208141144968856,-0.024328066684395355,-0.005416585033140797,0.006073165197545638,0.0033273793751206204,-0.011388557390389131,0.011149698597939017,0.020000203047893295,0.012628871079463977,0.006604553490224374,ok,
cand_03647,2026-05-18 22:41:15 UTC+8,2026-05-18T14:41:15Z,2026-05-18 22:41:15 UTC+8,"JUST IN: Solana now projected to plunge below $80 by the end of the month.

65% chance. https://t.co/vJKgV0QxNE","JUST IN: Solana now projected to plunge below $80 by the end of the month.

65% chance. https://t.co/vJKgV0QxNE",webhook,SOL,SOLUSDT,SOLUSDT,other,needs_taxonomy_review,webhook,observe,3,binance,spot,SOLUSDT,published_after_event,2026-05-18T14:41:15Z,2026-05-18 22:41:15 UTC+8,2026-05-18T15:41:15Z,2026-05-18 23:41:15 UTC+8,2026-05-18T18:41:15Z,2026-05-19 02:41:15 UTC+8,2026-05-19T14:41:15Z,2026-05-19 22:41:15 UTC+8,2026-05-21T14:41:15Z,2026-05-21 22:41:15 UTC+8,2026-05-18T14:42:00Z,2026-05-18 22:42:00 UTC+8,2026-05-18T15:42:00Z,2026-05-18 23:42:00 UTC+8,2026-05-18T18:42:00Z,2026-05-19 02:42:00 UTC+8,2026-05-19T14:42:00Z,2026-05-19 22:42:00 UTC+8,2026-05-21T14:42:00Z,2026-05-21 22:42:00 UTC+8,2026-05-18T14:42:00Z,2026-05-18 22:42:00 UTC+8,2026-05-18T15:42:00Z,2026-05-18 23:42:00 UTC+8,2026-05-18T18:42:00Z,2026-05-19 02:42:00 UTC+8,2026-05-19T14:42:00Z,2026-05-19 22:42:00 UTC+8,2026-05-21T14:42:00Z,2026-05-21 22:42:00 UTC+8,2026-05-18T14:42:00Z,2026-05-18 22:42:00 UTC+8,2026-05-18T15:42:00Z,2026-05-18 23:42:00 UTC+8,2026-05-18T18:42:00Z,2026-05-19 02:42:00 UTC+8,2026-05-19T14:42:00Z,2026-05-19 22:42:00 UTC+8,2026-05-21T14:42:00Z,2026-05-21 22:42:00 UTC+8,84.11,84.18,83.89,84.39,86.13,76541.96,76354.02,76308.43,76553.46,76998.53,2113.59,2108.06,2086.36,2109.51,2119.99,0.0008322434906671283,-0.0026156223992390704,0.003328973962667847,0.024016169302104373,-0.00245538525535538,-0.0030510062715929376,0.00015024438882926816,0.005964963531114087,-0.0026164014780539757,-0.012883293353961767,-0.0019303649241337872,0.0030280234104058668,0.0032876287460225084,0.0004353838723538672,0.003178729573838579,0.018051205770990286,0.003448644968721104,0.010267670954722696,0.005259338886801634,0.020988145891698506,ok,
cand_01638,2026-05-20 16:20:16 UTC+8,2026-05-20T08:20:16Z,2026-05-20 16:20:16 UTC+8,🔥 NEW: Ripple ranked No. 16 on CNBC’s 2026 Disruptor 50 list. https://t.co/ze9O5hWs7W,🔥 NEW: Ripple ranked No. 16 on CNBC’s 2026 Disruptor 50 list. https://t.co/ze9O5hWs7W,webhook,XRP,XRPUSDT,XRPUSDT,other,needs_taxonomy_review,webhook,observe,3,binance,spot,XRPUSDT,published_after_event,2026-05-20T08:20:16Z,2026-05-20 16:20:16 UTC+8,2026-05-20T09:20:16Z,2026-05-20 17:20:16 UTC+8,2026-05-20T12:20:16Z,2026-05-20 20:20:16 UTC+8,2026-05-21T08:20:16Z,2026-05-21 16:20:16 UTC+8,2026-05-23T08:20:16Z,2026-05-23 16:20:16 UTC+8,2026-05-20T08:21:00Z,2026-05-20 16:21:00 UTC+8,2026-05-20T09:21:00Z,2026-05-20 17:21:00 UTC+8,2026-05-20T12:21:00Z,2026-05-20 20:21:00 UTC+8,2026-05-21T08:21:00Z,2026-05-21 16:21:00 UTC+8,2026-05-23T08:21:00Z,2026-05-23 16:21:00 UTC+8,2026-05-20T08:21:00Z,2026-05-20 16:21:00 UTC+8,2026-05-20T09:21:00Z,2026-05-20 17:21:00 UTC+8,2026-05-20T12:21:00Z,2026-05-20 20:21:00 UTC+8,2026-05-21T08:21:00Z,2026-05-21 16:21:00 UTC+8,2026-05-23T08:21:00Z,2026-05-23 16:21:00 UTC+8,2026-05-20T08:21:00Z,2026-05-20 16:21:00 UTC+8,2026-05-20T09:21:00Z,2026-05-20 17:21:00 UTC+8,2026-05-20T12:21:00Z,2026-05-20 20:21:00 UTC+8,2026-05-21T08:21:00Z,2026-05-21 16:21:00 UTC+8,2026-05-23T08:21:00Z,2026-05-23 16:21:00 UTC+8,1.3663,1.3701,1.3662,1.3831,1.3158,77250.28,77422.41,77392.26,77995.51,74700.0,2130.51,2130.3,2128.39,2140.05,2031.2,0.002781233989606946,-7.319036814756874e-05,0.012295981848788662,-0.036961135914513665,0.0022282119883578755,0.0018379221408646451,0.009646955324951412,-0.03301321367378862,-9.856794851936801e-05,-0.0009950669088623076,0.004477801089879829,-0.046613252225992885,0.0005530220012490705,-0.0019111125090122139,0.00264902652383725,-0.003947922240725044,0.002879801938126314,0.0009218765407147389,0.007818180758908833,0.00965211631147922,ok,
cand_04233,2026-05-18 10:05:53 UTC+8,2026-05-18T02:05:53Z,2026-05-18 10:05:53 UTC+8,吴说获悉，Solana Labs 联合创始人 Anatoly Yakovenko（toly）在回应有关 Hyperliquid 去中心化程度的讨论时表示，他对所有 L2 也提出过同样批评：判断一个系统是否 permissionless，关键,"吴说获悉，Solana Labs 联合创始人 Anatoly Yakovenko（toly）在回应有关 Hyperliquid 去中心化程度的讨论时表示，他对所有 L2 也提出过同样批评：判断一个系统是否 permissionless，关键在于用户能否在不经可信第三方批准的情况下，使用自己的资源参与协议栈的任何部分。若不能，就不是 permissionless。toly 称，无论用户怎么做，都无法运行 Base 排序器或 Hyperliquid 排序器，因此这与他所批评的 L2 问题相同。
https://t.co/nV9KWE6oOP",webhook,SOL,SOLUSDT,SOLUSDT,other,needs_taxonomy_review,webhook,observe,3,binance,spot,SOLUSDT,published_after_event,2026-05-18T02:05:53Z,2026-05-18 10:05:53 UTC+8,2026-05-18T03:05:53Z,2026-05-18 11:05:53 UTC+8,2026-05-18T06:05:53Z,2026-05-18 14:05:53 UTC+8,2026-05-19T02:05:53Z,2026-05-19 10:05:53 UTC+8,2026-05-21T02:05:53Z,2026-05-21 10:05:53 UTC+8,2026-05-18T02:06:00Z,2026-05-18 10:06:00 UTC+8,2026-05-18T03:06:00Z,2026-05-18 11:06:00 UTC+8,2026-05-18T06:06:00Z,2026-05-18 14:06:00 UTC+8,2026-05-19T02:06:00Z,2026-05-19 10:06:00 UTC+8,2026-05-21T02:06:00Z,2026-05-21 10:06:00 UTC+8,2026-05-18T02:06:00Z,2026-05-18 10:06:00 UTC+8,2026-05-18T03:06:00Z,2026-05-18 11:06:00 UTC+8,2026-05-18T06:06:00Z,2026-05-18 14:06:00 UTC+8,2026-05-19T02:06:00Z,2026-05-19 10:06:00 UTC+8,2026-05-21T02:06:00Z,2026-05-21 10:06:00 UTC+8,2026-05-18T02:06:00Z,2026-05-18 10:06:00 UTC+8,2026-05-18T03:06:00Z,2026-05-18 11:06:00 UTC+8,2026-05-18T06:06:00Z,2026-05-18 14:06:00 UTC+8,2026-05-19T02:06:00Z,2026-05-19 10:06:00 UTC+8,2026-05-21T02:06:00Z,2026-05-21 10:06:00 UTC+8,85.17,85.09,84.66,84.81,86.47,77144.88,76953.75,76788.45,76660.61,77867.2,2120.77,2120.96,2116.89,2124.24,2141.05,-0.000939297874838485,-0.005988023952095856,-0.00422684043677346,0.015263590466126464,-0.002477546144345588,-0.004620267735201744,-0.0062774094664481694,0.009363161884495597,8.959010170839221e-05,-0.0018295241822545716,0.001636198173304848,0.009562564540237739,0.0015382482695071031,-0.0013677562168941115,0.0020505690296747092,0.005900428581630868,-0.0010288879765468772,-0.004158499769841284,-0.005863038610078308,0.005701025925888725,ok,
cand_03709,2026-05-18 21:51:00 UTC+8,2026-05-18T13:51:00Z,2026-05-18 21:51:00 UTC+8,"PumpFun deposited 82,703 $SOL worth $7M into #Kraken.

https://t.co/P1YMeOjwt4 https://t.co/rS1AbVimNY","PumpFun deposited 82,703 $SOL worth $7M into #Kraken.

https://t.co/P1YMeOjwt4 https://t.co/rS1AbVimNY",webhook,SOL,SOLUSDT,SOLUSDT,other,needs_taxonomy_review,webhook,observe,3,binance,spot,SOLUSDT,published_after_event,2026-05-18T13:51:00Z,2026-05-18 21:51:00 UTC+8,2026-05-18T14:51:00Z,2026-05-18 22:51:00 UTC+8,2026-05-18T17:51:00Z,2026-05-19 01:51:00 UTC+8,2026-05-19T13:51:00Z,2026-05-19 21:51:00 UTC+8,2026-05-21T13:51:00Z,2026-05-21 21:51:00 UTC+8,2026-05-18T13:51:00Z,2026-05-18 21:51:00 UTC+8,2026-05-18T14:51:00Z,2026-05-18 22:51:00 UTC+8,2026-05-18T17:51:00Z,2026-05-19 01:51:00 UTC+8,2026-05-19T13:51:00Z,2026-05-19 21:51:00 UTC+8,2026-05-21T13:51:00Z,2026-05-21 21:51:00 UTC+8,2026-05-18T13:51:00Z,2026-05-18 21:51:00 UTC+8,2026-05-18T14:51:00Z,2026-05-18 22:51:00 UTC+8,2026-05-18T17:51:00Z,2026-05-19 01:51:00 UTC+8,2026-05-19T13:51:00Z,2026-05-19 21:51:00 UTC+8,2026-05-21T13:51:00Z,2026-05-21 21:51:00 UTC+8,2026-05-18T13:51:00Z,2026-05-18 21:51:00 UTC+8,2026-05-18T14:51:00Z,2026-05-18 22:51:00 UTC+8,2026-05-18T17:51:00Z,2026-05-19 01:51:00 UTC+8,2026-05-19T13:51:00Z,2026-05-19 21:51:00 UTC+8,2026-05-21T13:51:00Z,2026-05-21 21:51:00 UTC+8,84.8,84.03,84.44,84.87,85.73,76968.05,76456.14,76739.86,76888.57,76960.62,2131.58,2113.61,2109.69,2121.28,2115.0,-0.009080188679245205,-0.004245283018867951,0.0008254716981133114,0.010966981132075615,-0.006650941527036269,-0.0029647366667078234,-0.0010326362692051338,-9.653356165328919e-05,-0.00843036620722648,-0.010269377644751776,-0.004832096379211559,-0.007778267763818403,-0.0024292471522089354,-0.001280546352160128,0.0018581079673184453,0.011063514693728904,-0.000649822472018724,0.006024094625883825,0.0056575680773248704,0.018745248895894018,ok,
cand_03713,2026-05-18 21:48:52 UTC+8,2026-05-18T13:48:52Z,2026-05-18 21:48:52 UTC+8,"PumpFun deposited 82,702 $SOL worth $7M into #Kraken.

https://t.co/P1YMeOjwt4 https://t.co/YjOd7jjv1V","PumpFun deposited 82,702 $SOL worth $7M into #Kraken.

https://t.co/P1YMeOjwt4 https://t.co/YjOd7jjv1V",webhook,SOL,SOLUSDT,SOLUSDT,other,needs_taxonomy_review,webhook,observe,3,binance,spot,SOLUSDT,published_after_event,2026-05-18T13:48:52Z,2026-05-18 21:48:52 UTC+8,2026-05-18T14:48:52Z,2026-05-18 22:48:52 UTC+8,2026-05-18T17:48:52Z,2026-05-19 01:48:52 UTC+8,2026-05-19T13:48:52Z,2026-05-19 21:48:52 UTC+8,2026-05-21T13:48:52Z,2026-05-21 21:48:52 UTC+8,2026-05-18T13:49:00Z,2026-05-18 21:49:00 UTC+8,2026-05-18T14:49:00Z,2026-05-18 22:49:00 UTC+8,2026-05-18T17:49:00Z,2026-05-19 01:49:00 UTC+8,2026-05-19T13:49:00Z,2026-05-19 21:49:00 UTC+8,2026-05-21T13:49:00Z,2026-05-21 21:49:00 UTC+8,2026-05-18T13:49:00Z,2026-05-18 21:49:00 UTC+8,2026-05-18T14:49:00Z,2026-05-18 22:49:00 UTC+8,2026-05-18T17:49:00Z,2026-05-19 01:49:00 UTC+8,2026-05-19T13:49:00Z,2026-05-19 21:49:00 UTC+8,2026-05-21T13:49:00Z,2026-05-21 21:49:00 UTC+8,2026-05-18T13:49:00Z,2026-05-18 21:49:00 UTC+8,2026-05-18T14:49:00Z,2026-05-18 22:49:00 UTC+8,2026-05-18T17:49:00Z,2026-05-19 01:49:00 UTC+8,2026-05-19T13:49:00Z,2026-05-19 21:49:00 UTC+8,2026-05-21T13:49:00Z,2026-05-21 21:49:00 UTC+8,84.76,83.94,84.35,84.82,85.45,76930.92,76401.17,76676.68,76852.67,76778.98,2131.22,2111.04,2107.62,2119.69,2109.69,-0.009674374705049615,-0.004837187352524919,0.0007078810759790777,0.00814063237376117,-0.006886047898556291,-0.0033047830443209136,-0.0010171462917640817,-0.0019750186271008108,-0.009468754985407335,-0.011073469655877854,-0.0054100468276384595,-0.010102194986908786,-0.002788326806493324,-0.001532404308204005,0.0017250273677431593,0.01011565100086198,-0.00020561971964228043,0.006236282303352936,0.006117927903617537,0.018242827360669955,ok,
cand_00225,2026-05-21 15:46:29 UTC+8,2026-05-21T07:46:29Z,2026-05-21 15:46:29 UTC+8,"loracle.hl(@loraclexyz)'s $HYPE short has now grown to over $100M!

He is currently down over $23M, with a liquidation p","loracle.hl(@loraclexyz)'s $HYPE short has now grown to over $100M!

He is currently down over $23M, with a liquidation price of $69.49.
https://t.co/dXO1s8moi9 https://t.co/XOCNz8Gk75",webhook,HYPE,,HYPEUSDT,other,needs_taxonomy_review,webhook,observe,3,binance,futures,HYPEUSDT,published_after_event,2026-05-21T07:46:29Z,2026-05-21 15:46:29 UTC+8,2026-05-21T08:46:29Z,2026-05-21 16:46:29 UTC+8,2026-05-21T11:46:29Z,2026-05-21 19:46:29 UTC+8,2026-05-22T07:46:29Z,2026-05-22 15:46:29 UTC+8,2026-05-24T07:46:29Z,2026-05-24 15:46:29 UTC+8,2026-05-21T07:47:00Z,2026-05-21 15:47:00 UTC+8,2026-05-21T08:47:00Z,2026-05-21 16:47:00 UTC+8,2026-05-21T11:47:00Z,2026-05-21 19:47:00 UTC+8,2026-05-22T07:47:00Z,2026-05-22 15:47:00 UTC+8,2026-05-24T07:47:00Z,2026-05-24 15:47:00 UTC+8,2026-05-21T07:47:00Z,2026-05-21 15:47:00 UTC+8,2026-05-21T08:47:00Z,2026-05-21 16:47:00 UTC+8,2026-05-21T11:47:00Z,2026-05-21 19:47:00 UTC+8,2026-05-22T07:47:00Z,2026-05-22 15:47:00 UTC+8,2026-05-24T07:47:00Z,2026-05-24 15:47:00 UTC+8,2026-05-21T07:47:00Z,2026-05-21 15:47:00 UTC+8,2026-05-21T08:47:00Z,2026-05-21 16:47:00 UTC+8,2026-05-21T11:47:00Z,2026-05-21 19:47:00 UTC+8,2026-05-22T07:47:00Z,2026-05-22 15:47:00 UTC+8,2026-05-24T07:47:00Z,2026-05-24 15:47:00 UTC+8,58.029,58.589,57.202,57.854,61.468,77753.54,77897.61,77254.99,77431.33,76834.28,2134.18,2135.99,2117.04,2130.16,2120.38,0.009650347240172996,-0.01425149494218414,-0.0030157335125541307,0.059263471712419635,0.0018529059898753086,-0.006411926710989446,-0.004143991386115542,-0.011822741446884555,0.0008481009099512438,-0.008031187622412284,-0.0018836274353616345,-0.006466183733330744,0.0077974412502976875,-0.007839568231194693,0.0011282578735614113,0.07108621315930419,0.008802246330221752,-0.006220307319771856,-0.0011321060771924962,0.06572965544575038,ok,
cand_04205,2026-05-18 10:42:06 UTC+8,2026-05-18T02:42:06Z,2026-05-18 10:42:06 UTC+8,"Hey, solana defi projects, maybe formally verify your code pls before the mythopocolypse is upon us","Hey, solana defi projects, maybe formally verify your code pls before the mythopocolypse is upon us",webhook,SOL,SOLUSDT,SOLUSDT,other,needs_taxonomy_review,webhook,observe,3,binance,spot,SOLUSDT,published_after_event,2026-05-18T02:42:06Z,2026-05-18 10:42:06 UTC+8,2026-05-18T03:42:06Z,2026-05-18 11:42:06 UTC+8,2026-05-18T06:42:06Z,2026-05-18 14:42:06 UTC+8,2026-05-19T02:42:06Z,2026-05-19 10:42:06 UTC+8,2026-05-21T02:42:06Z,2026-05-21 10:42:06 UTC+8,2026-05-18T02:43:00Z,2026-05-18 10:43:00 UTC+8,2026-05-18T03:43:00Z,2026-05-18 11:43:00 UTC+8,2026-05-18T06:43:00Z,2026-05-18 14:43:00 UTC+8,2026-05-19T02:43:00Z,2026-05-19 10:43:00 UTC+8,2026-05-21T02:43:00Z,2026-05-21 10:43:00 UTC+8,2026-05-18T02:43:00Z,2026-05-18 10:43:00 UTC+8,2026-05-18T03:43:00Z,2026-05-18 11:43:00 UTC+8,2026-05-18T06:43:00Z,2026-05-18 14:43:00 UTC+8,2026-05-19T02:43:00Z,2026-05-19 10:43:00 UTC+8,2026-05-21T02:43:00Z,2026-05-21 10:43:00 UTC+8,2026-05-18T02:43:00Z,2026-05-18 10:43:00 UTC+8,2026-05-18T03:43:00Z,2026-05-18 11:43:00 UTC+8,2026-05-18T06:43:00Z,2026-05-18 14:43:00 UTC+8,2026-05-19T02:43:00Z,2026-05-19 10:43:00 UTC+8,2026-05-21T02:43:00Z,2026-05-21 10:43:00 UTC+8,84.97,84.87,84.66,84.9,86.7,76857.85,76958.46,76815.06,76740.67,77990.01,2117.45,2120.05,2117.11,2125.76,2144.11,-0.0011768859597504067,-0.003648346475226605,-0.0008238201718252514,0.020360127103683734,0.0013090400004684977,-0.0005567420894548869,-0.001524632812393345,0.014730570787499175,0.0012278920399539928,-0.00016057049753226416,0.0039245318661600415,0.01259061607121792,-0.0024859259602189043,-0.003091604385771718,0.0007008126405680937,0.0056295563161845585,-0.0024047779997043994,-0.0034877759776943407,-0.004748352037985293,0.0077695110324658145,ok,
cand_01373,2026-05-20 21:15:50 UTC+8,2026-05-20T13:15:50Z,2026-05-20 21:15:50 UTC+8,"CoinDesk 20 performance update: Uniswap (UNI), up 3.7%, leads index higher","C oinDesk Indices presents its daily market update, highlighting the performance of leaders and laggards in the CoinDesk 20 Index .

The CoinDesk 20 is currently trading at 2064.22, up 0.7% (+14.51) since 4 p.m. ET on Tuesday.

Fifteen of the 20 assets are trading higher.

Leaders: UNI (+3.7%) and TAO (+2.1%). Laggards: XLM (-0.6%) and BCH (-0.6%).

The CoinDesk 20 is a broad-based index traded on multiple platforms in several regions globally.

NEAR Protocol (NEAR), up 2.8%, was also a top performer.

Disclosure & Polices : CoinDesk is an award-winning media outlet that covers the cryptocurrency industry. Its journalists abide by a strict set of editorial policies . CoinDesk has adopted a set of principles aimed at ensuring the integrity, editorial independence and freedom from bias of its publications. CoinDesk is part of Bullish (NYSE:BLSH), an institutionally focused global digital asset platform that provides market infrastructure and information services. Bullish owns and invests in digital asset businesses and digital assets and CoinDesk employees, including journalists, may receive Bullish equity-based compensation.",news:coindesk,UNI,UNIUSDT,UNIUSDT,other,needs_taxonomy_review,news:coindesk,observe,3,binance,spot,UNIUSDT,published_after_event,2026-05-20T13:15:50Z,2026-05-20 21:15:50 UTC+8,2026-05-20T14:15:50Z,2026-05-20 22:15:50 UTC+8,2026-05-20T17:15:50Z,2026-05-21 01:15:50 UTC+8,2026-05-21T13:15:50Z,2026-05-21 21:15:50 UTC+8,2026-05-23T13:15:50Z,2026-05-23 21:15:50 UTC+8,2026-05-20T13:16:00Z,2026-05-20 21:16:00 UTC+8,2026-05-20T14:16:00Z,2026-05-20 22:16:00 UTC+8,2026-05-20T17:16:00Z,2026-05-21 01:16:00 UTC+8,2026-05-21T13:16:00Z,2026-05-21 21:16:00 UTC+8,2026-05-23T13:16:00Z,2026-05-23 21:16:00 UTC+8,2026-05-20T13:16:00Z,2026-05-20 21:16:00 UTC+8,2026-05-20T14:16:00Z,2026-05-20 22:16:00 UTC+8,2026-05-20T17:16:00Z,2026-05-21 01:16:00 UTC+8,2026-05-21T13:16:00Z,2026-05-21 21:16:00 UTC+8,2026-05-23T13:16:00Z,2026-05-23 21:16:00 UTC+8,2026-05-20T13:16:00Z,2026-05-20 21:16:00 UTC+8,2026-05-20T14:16:00Z,2026-05-20 22:16:00 UTC+8,2026-05-20T17:16:00Z,2026-05-21 01:16:00 UTC+8,2026-05-21T13:16:00Z,2026-05-21 21:16:00 UTC+8,2026-05-23T13:16:00Z,2026-05-23 21:16:00 UTC+8,3.599,3.609,3.62,3.584,3.334,77451.22,77532.06,77365.0,77258.0,75015.09,2130.51,2138.06,2138.16,2117.7,2044.01,0.0027785495971102137,0.0058349541539315375,-0.0041678243956655425,-0.07363156432342322,0.0010437537329948121,-0.001113216809238149,-0.0024947315226280242,-0.031453733072248635,0.0035437524348629346,0.003590689553205406,-0.006012644859681671,-0.040600607366311436,0.0017347958641154015,0.006948170963169686,-0.0016730928730375183,-0.04217783125117458,-0.0007652028377527209,0.0022442646007261313,0.001844820464016128,-0.03303095695711178,ok,
cand_00267,2026-05-21 15:00:30 UTC+8,2026-05-21T07:00:30Z,2026-05-21 15:00:30 UTC+8,🔥 NEW: Ripple Prime has partnered with EDX Markets to give institutional clients unified access to digital asset spot an,🔥 NEW: Ripple Prime has partnered with EDX Markets to give institutional clients unified access to digital asset spot and perpetual futures liquidity. https://t.co/Xnqy8smLgM,webhook,XRP,XRPUSDT,XRPUSDT,other,needs_taxonomy_review,webhook,observe,3,binance,spot,XRPUSDT,published_after_event,2026-05-21T07:00:30Z,2026-05-21 15:00:30 UTC+8,2026-05-21T08:00:30Z,2026-05-21 16:00:30 UTC+8,2026-05-21T11:00:30Z,2026-05-21 19:00:30 UTC+8,2026-05-22T07:00:30Z,2026-05-22 15:00:30 UTC+8,2026-05-24T07:00:30Z,2026-05-24 15:00:30 UTC+8,2026-05-21T07:01:00Z,2026-05-21 15:01:00 UTC+8,2026-05-21T08:01:00Z,2026-05-21 16:01:00 UTC+8,2026-05-21T11:01:00Z,2026-05-21 19:01:00 UTC+8,2026-05-22T07:01:00Z,2026-05-22 15:01:00 UTC+8,2026-05-24T07:01:00Z,2026-05-24 15:01:00 UTC+8,2026-05-21T07:01:00Z,2026-05-21 15:01:00 UTC+8,2026-05-21T08:01:00Z,2026-05-21 16:01:00 UTC+8,2026-05-21T11:01:00Z,2026-05-21 19:01:00 UTC+8,2026-05-22T07:01:00Z,2026-05-22 15:01:00 UTC+8,2026-05-24T07:01:00Z,2026-05-24 15:01:00 UTC+8,2026-05-21T07:01:00Z,2026-05-21 15:01:00 UTC+8,2026-05-21T08:01:00Z,2026-05-21 16:01:00 UTC+8,2026-05-21T11:01:00Z,2026-05-21 19:01:00 UTC+8,2026-05-22T07:01:00Z,2026-05-22 15:01:00 UTC+8,2026-05-24T07:01:00Z,2026-05-24 15:01:00 UTC+8,1.3707,1.3762,1.366,1.3593,1.3637,77630.78,77892.8,77230.63,77347.43,76976.19,2129.32,2135.03,2114.0,2124.19,2126.94,0.004012548332968491,-0.0034289049390822113,-0.008316918362880288,-0.005106879696505473,0.003375207617390963,-0.005154527624223193,-0.003649969767146599,-0.008432093558766174,0.002681607273683717,-0.00719478518963812,-0.0024092198448331104,-0.0011177277252832907,0.0006373407155775279,0.0017256226851409817,-0.004666948595733689,0.003325213862260701,0.0013309410592847737,0.0037658802505559086,-0.0059076985180471775,-0.003989151971222182,ok,
cand_04783,2026-05-17 08:04:57 UTC+8,2026-05-17T00:04:57Z,2026-05-17 08:04:57 UTC+8,I haven’t gotten a reaction like this since asking polygon users to try solana,I haven’t gotten a reaction like this since asking polygon users to try solana,webhook,SOL,SOLUSDT,SOLUSDT,other,needs_taxonomy_review,webhook,observe,3,binance,spot,SOLUSDT,published_after_event,2026-05-17T00:04:57Z,2026-05-17 08:04:57 UTC+8,2026-05-17T01:04:57Z,2026-05-17 09:04:57 UTC+8,2026-05-17T04:04:57Z,2026-05-17 12:04:57 UTC+8,2026-05-18T00:04:57Z,2026-05-18 08:04:57 UTC+8,2026-05-20T00:04:57Z,2026-05-20 08:04:57 UTC+8,2026-05-17T00:05:00Z,2026-05-17 08:05:00 UTC+8,2026-05-17T01:05:00Z,2026-05-17 09:05:00 UTC+8,2026-05-17T04:05:00Z,2026-05-17 12:05:00 UTC+8,2026-05-18T00:05:00Z,2026-05-18 08:05:00 UTC+8,2026-05-20T00:05:00Z,2026-05-20 08:05:00 UTC+8,2026-05-17T00:05:00Z,2026-05-17 08:05:00 UTC+8,2026-05-17T01:05:00Z,2026-05-17 09:05:00 UTC+8,2026-05-17T04:05:00Z,2026-05-17 12:05:00 UTC+8,2026-05-18T00:05:00Z,2026-05-18 08:05:00 UTC+8,2026-05-20T00:05:00Z,2026-05-20 08:05:00 UTC+8,2026-05-17T00:05:00Z,2026-05-17 08:05:00 UTC+8,2026-05-17T01:05:00Z,2026-05-17 09:05:00 UTC+8,2026-05-17T04:05:00Z,2026-05-17 12:05:00 UTC+8,2026-05-18T00:05:00Z,2026-05-18 08:05:00 UTC+8,2026-05-20T00:05:00Z,2026-05-20 08:05:00 UTC+8,86.65,86.17,86.64,84.76,84.3,78215.49,77985.26,78052.15,77160.0,76816.47,2184.56,2179.12,2183.87,2120.8,2112.0,-0.0055395268320831414,-0.00011540680900179456,-0.021811886901327182,-0.027120600115406956,-0.0029435345863078055,-0.0020883331421949203,-0.013494641534560592,-0.017886738291865267,-0.002490203977002281,-0.00031585307796533346,-0.02918665543633492,-0.03321492657560332,-0.002595992245775336,0.0019729263331931257,-0.00831724536676659,-0.00923386182354169,-0.0030493228550808604,0.0002004462689635389,0.007374768535007736,0.006094326460196364,ok,
cand_02653,2026-05-19 19:40:16 UTC+8,2026-05-19T11:40:16Z,2026-05-19 19:40:16 UTC+8,"🇺🇸 NEW: Sen. Elizabeth Warren questioned OCC approvals for crypto trust charters tied to Coinbase, Ripple and Paxos, per","🇺🇸 NEW: Sen. Elizabeth Warren questioned OCC approvals for crypto trust charters tied to Coinbase, Ripple and Paxos, per Bloomberg.

Warren warned some approvals may violate US banking law. https://t.co/DJSixmj4D6",webhook,XRP,XRPUSDT,XRPUSDT,other,needs_taxonomy_review,webhook,observe,3,binance,spot,XRPUSDT,published_after_event,2026-05-19T11:40:16Z,2026-05-19 19:40:16 UTC+8,2026-05-19T12:40:16Z,2026-05-19 20:40:16 UTC+8,2026-05-19T15:40:16Z,2026-05-19 23:40:16 UTC+8,2026-05-20T11:40:16Z,2026-05-20 19:40:16 UTC+8,2026-05-22T11:40:16Z,2026-05-22 19:40:16 UTC+8,2026-05-19T11:41:00Z,2026-05-19 19:41:00 UTC+8,2026-05-19T12:41:00Z,2026-05-19 20:41:00 UTC+8,2026-05-19T15:41:00Z,2026-05-19 23:41:00 UTC+8,2026-05-20T11:41:00Z,2026-05-20 19:41:00 UTC+8,2026-05-22T11:41:00Z,2026-05-22 19:41:00 UTC+8,2026-05-19T11:41:00Z,2026-05-19 19:41:00 UTC+8,2026-05-19T12:41:00Z,2026-05-19 20:41:00 UTC+8,2026-05-19T15:41:00Z,2026-05-19 23:41:00 UTC+8,2026-05-20T11:41:00Z,2026-05-20 19:41:00 UTC+8,2026-05-22T11:41:00Z,2026-05-22 19:41:00 UTC+8,2026-05-19T11:41:00Z,2026-05-19 19:41:00 UTC+8,2026-05-19T12:41:00Z,2026-05-19 20:41:00 UTC+8,2026-05-19T15:41:00Z,2026-05-19 23:41:00 UTC+8,2026-05-20T11:41:00Z,2026-05-20 19:41:00 UTC+8,2026-05-22T11:41:00Z,2026-05-22 19:41:00 UTC+8,1.3706,1.3766,1.3689,1.3682,1.3569,76744.87,76940.04,76468.02,77392.27,77333.9,2110.68,2118.76,2108.99,2127.68,2126.59,0.004377644827083138,-0.0012403327010068743,-0.0017510579308331886,-0.009995622355172928,0.002543101577994644,-0.0036074072442886518,0.00843574300145411,0.007675170991885194,0.0038281501696137976,-0.0008006898250800809,0.008054276346959321,0.007537855098830759,0.0018345432490884939,0.0023670745432817775,-0.010186800932287299,-0.017670793347058122,0.0005494946574693405,-0.0004396428759267934,-0.00980533427779251,-0.017533477454003688,ok,
cand_03098,2026-05-19 08:10:25 UTC+8,2026-05-19T00:10:25Z,2026-05-19 08:10:25 UTC+8,"WorldCoin team deposited 13.18M $WLD worth $3.09M into #Coinbase.

Address: 0xE79718Fe76c718fE98a9a3D106FCa773a40861a3 h","WorldCoin team deposited 13.18M $WLD worth $3.09M into #Coinbase.

Address: 0xE79718Fe76c718fE98a9a3D106FCa773a40861a3 https://t.co/dNT60enM2N",webhook,WLD,WLDUSDT,WLDUSDT,other,needs_taxonomy_review,webhook,observe,3,binance,spot,WLDUSDT,published_after_event,2026-05-19T00:10:25Z,2026-05-19 08:10:25 UTC+8,2026-05-19T01:10:25Z,2026-05-19 09:10:25 UTC+8,2026-05-19T04:10:25Z,2026-05-19 12:10:25 UTC+8,2026-05-20T00:10:25Z,2026-05-20 08:10:25 UTC+8,2026-05-22T00:10:25Z,2026-05-22 08:10:25 UTC+8,2026-05-19T00:11:00Z,2026-05-19 08:11:00 UTC+8,2026-05-19T01:11:00Z,2026-05-19 09:11:00 UTC+8,2026-05-19T04:11:00Z,2026-05-19 12:11:00 UTC+8,2026-05-20T00:11:00Z,2026-05-20 08:11:00 UTC+8,2026-05-22T00:11:00Z,2026-05-22 08:11:00 UTC+8,2026-05-19T00:11:00Z,2026-05-19 08:11:00 UTC+8,2026-05-19T01:11:00Z,2026-05-19 09:11:00 UTC+8,2026-05-19T04:11:00Z,2026-05-19 12:11:00 UTC+8,2026-05-20T00:11:00Z,2026-05-20 08:11:00 UTC+8,2026-05-22T00:11:00Z,2026-05-22 08:11:00 UTC+8,2026-05-19T00:11:00Z,2026-05-19 08:11:00 UTC+8,2026-05-19T01:11:00Z,2026-05-19 09:11:00 UTC+8,2026-05-19T04:11:00Z,2026-05-19 12:11:00 UTC+8,2026-05-20T00:11:00Z,2026-05-20 08:11:00 UTC+8,2026-05-22T00:11:00Z,2026-05-22 08:11:00 UTC+8,0.2422,0.2417,0.2437,0.2382,0.2691,77111.0,77149.99,76927.17,76650.0,77474.07,2131.42,2137.46,2136.42,2107.45,2131.42,-0.002064409578860449,0.0061932287365813465,-0.01651527663088359,0.11106523534269197,0.0005056347343441736,-0.002383965971132551,-0.005978394781548713,0.004708407360817679,0.002833791556802412,0.0023458539377503307,-0.011246023777575664,0.0,-0.0025700443132046225,0.008577194707713898,-0.010536881849334878,0.10635682798187429,-0.004898201135662861,0.003847374798831016,-0.005269252853307926,0.11106523534269197,ok,
cand_03181,2026-05-19 06:15:05 UTC+8,2026-05-18T22:15:05Z,2026-05-19 06:15:05 UTC+8,"🚨 🚨  20,000 $WETH (42,749,158 USD) transferred from unknown wallet to #Aave

https://t.co/FOjHHUI5nI","🚨 🚨  20,000 $WETH (42,749,158 USD) transferred from unknown wallet to #Aave

https://t.co/FOjHHUI5nI",webhook,AAVE,AAVEUSDT,AAVEUSDT,other,needs_taxonomy_review,webhook,observe,3,binance,spot,AAVEUSDT,published_after_event,2026-05-18T22:15:05Z,2026-05-19 06:15:05 UTC+8,2026-05-18T23:15:05Z,2026-05-19 07:15:05 UTC+8,2026-05-19T02:15:05Z,2026-05-19 10:15:05 UTC+8,2026-05-19T22:15:05Z,2026-05-20 06:15:05 UTC+8,2026-05-21T22:15:05Z,2026-05-22 06:15:05 UTC+8,2026-05-18T22:16:00Z,2026-05-19 06:16:00 UTC+8,2026-05-18T23:16:00Z,2026-05-19 07:16:00 UTC+8,2026-05-19T02:16:00Z,2026-05-19 10:16:00 UTC+8,2026-05-19T22:16:00Z,2026-05-20 06:16:00 UTC+8,2026-05-21T22:16:00Z,2026-05-22 06:16:00 UTC+8,2026-05-18T22:16:00Z,2026-05-19 06:16:00 UTC+8,2026-05-18T23:16:00Z,2026-05-19 07:16:00 UTC+8,2026-05-19T02:16:00Z,2026-05-19 10:16:00 UTC+8,2026-05-19T22:16:00Z,2026-05-20 06:16:00 UTC+8,2026-05-21T22:16:00Z,2026-05-22 06:16:00 UTC+8,2026-05-18T22:16:00Z,2026-05-19 06:16:00 UTC+8,2026-05-18T23:16:00Z,2026-05-19 07:16:00 UTC+8,2026-05-19T02:16:00Z,2026-05-19 10:16:00 UTC+8,2026-05-19T22:16:00Z,2026-05-20 06:16:00 UTC+8,2026-05-21T22:16:00Z,2026-05-22 06:16:00 UTC+8,89.75,89.61,89.12,87.62,88.59,77118.58,77031.87,76737.94,76750.4,77600.01,2136.21,2132.96,2125.53,2108.49,2132.98,-0.0015598885793871586,-0.007019498607242269,-0.02373259052924781,-0.012924791086350917,-0.0011243723626654933,-0.004935775529061881,-0.004774206164065875,0.006242723867581512,-0.0015213860060574458,-0.004999508475290293,-0.012976252334742533,-0.0015120236306356283,-0.0004355162167216653,-0.0020837230781803884,-0.018958384365181935,-0.01916751495393243,-3.850257332971285e-05,-0.0020199901319519764,-0.010756338194505277,-0.01141276745571529,ok,
